,mi_score
NDRG1,0.07760438593597874
AKR1C2,0.05632270878779577
FGF23,0.05603858902228254
HSP90AA1,0.05189225274230691
GPM6A,0.048921107544336984
IGFBP3,0.04749591145051846
AKR1C1,0.04741120632226159
BCYRN1,0.04695481513987154
WDR43,0.045026517659055854
HSPD1,0.04501518519296677
NCL,0.041970545940784865
LDHA,0.04017734964989628
HSP90AB1,0.03718437419594256
TMSB10,0.03461466326321938
EIF3J,0.03162138829741834
RPL41,0.030533405403496472
P4HA1,0.02811864174277523
B4GALT1,0.027159687245604358
ENO1,0.027116111651749764
CACNA1A,0.0248887953679231
MALAT1,0.02458288883054549
S100A10,0.024298213376430233
NPM1P40,0.024006344264749124
NCALD,0.023922970584972836
BNIP3,0.023137026960682094
CALM2,0.022948277446224186
BTBD9,0.022863801070009515
KRT19,0.022773706921858317
HSP90B1,0.021163638611016777
PGK1,0.02012568707397766
PSMA7,0.019011084302236414
RPS3,0.018212197175000666
MT-TQ,0.01621592561411811
PRRG3,0.01618896438669437
S100A11,0.01605936904465599
ZNF302,0.015694613375353272
KCNJ2,0.01526258176362183
DNMT1,0.015248000909861004
KAT7,0.015241483233994657
RPS28,0.01488483562906806
EGLN3,0.014551531372640536
HNRNPU,0.014115830369982207
PDCD4,0.014043956147810288
YWHAZ,0.013636420517402437
AHNAK2,0.013459886258295306
RPS15,0.013108870996390909
RPL12,0.013102713105308084
ZC3H15,0.01299536143638802
RPL39,0.012921257359084226
SERF2,0.012721195854503042
GPI,0.012683454348768164
PTMS,0.01258136459591852
FTL,0.012403159673051833
VRK3,0.012264765067804273
FOXP1,0.012177076625715655
NEDD4L,0.011820210641779072
RPS6KA6,0.011738446576799788
TAGLN2,0.011480685085758946
TOP2A,0.011360725648728698
DSP,0.011343954206038953
GDPGP1,0.011331577620662614
FBRSL1,0.01130641183702763
RPL35,0.011300807611236863
RPS14,0.011246569404121942
TMSB4X,0.011204265256933743
C4orf3,0.011193480766428676
RPS29,0.011192613208375723
FOSL1,0.011140597859302437
KRT14,0.011001999700547271
MT1X,0.010903430315964746
PLOD2,0.010806797343822172
RPSA,0.010584515391250715
RPS27,0.010507882709577254
ANP32B,0.010470179302099814
RPL8,0.010466089858893746
FEM1A,0.010446222040041642
BRCC3,0.010394018255150517
UBC,0.010319740709518355
SCAF8,0.010291244129364774
ZBTB45,0.010245195999540435
RPL18,0.010230789121965289
FAM83A,0.01021862670356799
KCNJ3,0.010101590612861866
RPL10,0.010049948547137477
MARCKS,0.009974985783059998
AMFR,0.009756805746679476
RPL21,0.009744578521966751
PAQR8,0.009596542059230329
MYL12B,0.009552014546569954
MYO1C,0.009518584779609318
ATOX1,0.009507541656639695
H2AC12,0.009465429355279387
PGM1,0.009427231094835342
DDX54,0.009359949752953955
RPS5,0.009335935269392026
POLDIP2,0.009320152836374662
CAVIN3,0.009295852244971536
BNIP3L,0.009206118371510863
RRS1,0.009189741291973919
EPPK1,0.009150628977634634
SIVA1,0.009109431469148
S100A6,0.009092887849866838
RAP2B,0.009006041416811605
MT-CYB,0.009005211841758287
MT-TV,0.008910621479665704
SNHG9,0.008814897552568368
GSTP1,0.008810653682512326
POLR2F,0.008809628774851141
RRM1,0.0087675689678397
ARHGAP23,0.00866503270959651
MMP2,0.008663453922221231
PPIG,0.008661595459541926
EZR,0.008624823057021835
POLR2L,0.008478635193604145
RPS8,0.008456704983437424
CETN3,0.008330078699980481
RPL36,0.008300800354315463
RRAS,0.008270275537938243
LMF2,0.008266045848373205
DDIT4,0.008265124817322445
SLC6A8,0.008239038408684562
OIP5-AS1,0.008226041986155952
CFAP251,0.008194742413459188
GALM,0.008087807173905892
ZNF511,0.008006109726133248
NDUFB2,0.00792559182237862
CNNM2,0.007884035668666467
MZT2B,0.007793818380825934
MLXIP,0.007786906800345994
DCAF7,0.007780694640076691
MCM4,0.007760889730865417
PPL,0.007740900354265667
NRAV,0.007695745790243125
LINC01503,0.007671850351486542
MXRA5,0.00766131700765782
METTL26,0.007599606806296011
TSR1,0.007594716789467215
GOLGA3,0.007507321420075153
SNHG6,0.007507310998248418
CNTRL,0.007504577201545404
AK4,0.007488570584417875
HS6ST1,0.007414731178214895
MAFF,0.007395567568253103
CAMK2N1,0.007391897856184881
NRBP1,0.007377881298158195
FOSL2,0.0073570124243711454
CNTROB,0.007327121520949165
ZNF318,0.00732188653670196
H2AC16,0.007279939286046755
MLLT3,0.007178912544566263
TMEM238,0.007159859341423491
NMD3,0.0071100514141464455
TOMM5,0.007020211447485547
NFE2L2,0.0069609381593240816
MTUS1,0.006924868640178383
NSMF,0.006923460384545166
CMIP,0.0069182609100215675
DGKD,0.006881393006758829
EEF2,0.006815437844001071
STMN1,0.00681499503873062
RPLP2,0.0067592151581366
PKM,0.00675800680989691
CBX4,0.006752890822497859
RPL12P38,0.0067375908456597244
NEUROD1,0.0067147151719872955
RPS19,0.0067050707274634025
POLR3A,0.0066864537149291525
STK11,0.006681521669868351
MCRIP1,0.006679862594249242
ZNF8-DT,0.006675693122652149
MKI67,0.006674898937109486
COMMD6,0.006670225131194307
STT3A,0.006664804464243668
HSPB1,0.0066143615098916975
ING2,0.006577664202741529
NEAT1,0.006553154460456234
RPLP0P2,0.006526077558177912
RPL35A,0.0064259507169501795
FAM189B,0.006425832337869863
LSM14A,0.006319303082879424
CLIC1,0.006314595581732085
RPL37A,0.006245607951523624
DTYMK,0.006245152400288445
YBX1,0.00622967232058369
KMT2D,0.006220565764673447
ITSN2,0.006201608128820979
CNOT6L,0.00619287498658827
TMEM141,0.006191875462698615
CENPF,0.006190741747215567
RPS2,0.00618952588396815
PAQR7,0.006178148978012388
SLC25A48,0.006173739348886764
H2BC4,0.006171722480738051
ARHGEF7,0.006167393794599629
INSR,0.006164581442116512
SURF1,0.00612833351582176
ANGPTL4,0.006125164825215634
PFKP,0.006122547555751812
SNRNP70,0.006120631749872096
EFNA5,0.0061069247493525936
ASNSD1,0.006080199113567053
BNC1,0.006060986600603169
APPL1,0.00605511781474477
CSRP1,0.006040960649387417
DAZAP2,0.006028533091153365
GRK2,0.005986090869132932
BRMS1,0.005956437893912536
RPL13,0.005946699506086617
CALR,0.005942937191049769
ZNRF1,0.005938449467971285
PDLIM1,0.005936761907402444
TIMP3,0.005928837682508181
GAPDH,0.0059257626546156406
MT-ND4L,0.005908877691959136
RPLP1,0.005901702667561182
C19orf53,0.005887775145957175
LINC01304,0.005870516246312629
DGUOK,0.0058473393847544575
KDM3A,0.005843656844840783
HIVEP3,0.005821453462265591
PUSL1,0.005810335190807869
EEF1A1,0.005780236489203006
KCTD1,0.005773294672315243
TCEAL1,0.005761210219424884
DIO2,0.0057237333384680955
CIRBP,0.005719388118860413
MRFAP1,0.005705597863409961
PPP2R5D,0.005703589635666084
MARCHF6,0.005690642248098898
JUND,0.005679952637877017
SLC2A1,0.0056600109097249
ZNF688,0.005642035688533831
MLLT10,0.005636820492916694
ATP13A2,0.005632258223417175
ARFGEF3,0.005619562883917517
JMJD6,0.005603492531961463
FASTKD3,0.005599912834499898
AMOTL1,0.005598725442143904
PLCD3,0.005548491732431771
ANP32A,0.005538704195306776
TNFSF13B,0.005503226470780165
TPX2,0.005501960785749382
IL18,0.005482195888738328
PFKFB3,0.005428991588230181
ATP5ME,0.005422728572539226
ZNF462,0.0054135387956928405
EPB41L2,0.005393153545841578
H1-5,0.005371740637117872
DNMT3A,0.005356543781383616
GOLGA4,0.005347060336312159
PRMT2,0.005339653337727679
SEM1,0.005321492357797775
ATP1A1,0.005317731803070158
MORN2,0.00529129274061102
TPI1,0.005285181813175388
BRAT1,0.0052645360793803775
OAZ1,0.0052617590597612285
LINC02367,0.0052133296067682355
BTN3A2,0.005208987821618383
FGF12,0.005193361718227374
BAP1,0.005190428184120854
AAGAB,0.005149187548870282
TCF20,0.005139935682181074
ELF4,0.005134682649710953
GNPAT,0.005121186535297362
SYNJ2,0.00506800608992064
YTHDF1,0.005040319998982357
UBQLN4,0.005010210332632381
ZBED2,0.0049864466997107115
HNRNPA2B1,0.004983637896366577
ELOB,0.004964387910395995
TCEAL3,0.004955715626894008
MKNK1,0.004948049051850756
CRIP2,0.00488079499675198
MXI1,0.004835776603171027
POLE4,0.00482578883945628
IFI27L2,0.004825358937853297
LEMD3,0.004808787264259484
CHTOP,0.004791362757096129
EPAS1,0.004759241425614569
MT-ATP8,0.004724369824439911
RPGRIP1L,0.004717981665659954
GADD45B,0.004716003098158339
MAB21L3,0.004714633156141179
GNL1,0.004713905976649002
HNRNPM,0.004698463057870361
WDR82,0.004695001913288976
HEPACAM,0.004661088675194103
MAPK14,0.004658583806997241
OXLD1,0.004639809330727607
IFI6,0.004617581819871486
NUP93,0.004599588826200929
HSBP1,0.004597025307154556
THOC7,0.004585079263235814
ST14,0.004542728281943242
GBP1P1,0.004526496221832321
ZCRB1,0.004517238410257196
LETM1,0.004496123402662144
AMOTL2,0.0044856846933958305
COL6A3,0.004484445038339446
FOXO3,0.004473656380505897
SDC1,0.0044680037671729345
SNAPC1,0.004439612690931849
GATD1,0.004423464992722392
PGAM1,0.004417403877062798
RHNO1,0.004403664492087955
SLC25A1,0.004402018690314202
CCNI,0.004389647914751382
AP1M1,0.004386406822625588
RNF122,0.004352171340366473
FGD4,0.004350145414194095
RIN2,0.004312558033551905
MAP2K3,0.004305214249114897
CTNND1,0.004256150049279928
GYS1,0.004240608307594984
RPL37,0.0042020800170226025
MAGI2-AS3,0.004194929899179245
FUT11,0.004163406130132108
CAP1,0.004126653117155099
FAM162A,0.004105781543573883
ZHX1,0.004103448613616001
EMP2,0.004096514677316865
CDK5RAP2,0.004093249225998852
NUMA1,0.0040925592701497315
DEK,0.0040919475416660855
ARID5B,0.0040841070321755435
SNCG,0.004071841107297303
RPL17,0.004067853583861414
POLR2J,0.004063951365347096
FAM200B,0.0040630519025504075
ATP5F1E,0.004046974012843707
MGMT,0.004026821449918172
LINC01133,0.003974411425394564
H3C2,0.003973587176240745
SLC4A1,0.003961601315892294
MDFI,0.003922315933558629
EPB41L1,0.003921180749065556
TBC1D20,0.0039173505309064716
RBAK,0.00390562654659532
EPS8L2,0.0038740373167294173
HNRNPA1,0.0038557593316383976
DUSP23,0.003852964510171031
C1orf115,0.0038426272565952324
QSOX1,0.0038357417750913836
FABP5,0.0038239990816635316
ESRP2,0.0038104462831343167
YBX3,0.0038082852129941447
ZNF280B,0.003804926115332785
SHKBP1,0.0037932588463713834
PROSER1,0.0037898025237017574
DRAP1,0.0037739626843733554
PLSCR1,0.0037629889805650407
CDC42BPA,0.003759118649003801
COTL1,0.0037527845285438843
ISOC2,0.003752457478017668
AXIN1,0.003737991056906198
TMSB4XP4,0.0037251765876300524
HMGCS1,0.003722339681136999
ACVR2B,0.003708471779194422
BRWD3,0.003687386532489789
MACC1,0.0036773545931259033
RAC1,0.0036563865795948836
PRR14L,0.003634204142217712
MAGED2,0.0036236119019021906
AVPI1,0.0036197502454804464
PTOV1,0.003618688577864626
BMPR1B,0.00360282811271051
MT-ND1,0.0035990799845020405
ZBTB20,0.0035954653457090924
COPS9,0.003578654569827977
MT-ATP6,0.003576373924671694
ATP5MG,0.0035693433204604386
GNAS,0.0035676104294641853
HSPA5,0.0035588938000530312
DDIT3,0.00355723618655146
WDR18,0.0035570257343948697
H1-1,0.003555716347769078
ANXA1,0.00354926933093358
AAMDC,0.003546591907396479
PGLS,0.003494899007334018
CRBN,0.003492835634844038
REST,0.003487349800230133
CAST,0.0034720787090924965
KIF5B,0.0034657368053638837
SART1,0.0034502146253283517
SOX4,0.0034284630790095694
TMA7,0.0034243237881375066
FAM210B,0.003398902859357289
CD151,0.003391807858446727
MT-TS1,0.0033900897022700605
RBX1,0.0033862169741765147
RAB35,0.003354802667382195
FAM20B,0.0033351753301475995
CBX3,0.0033100809502988326
UQCRQ,0.003296979800053279
TUBA5P,0.0032896341401582596
UIMC1,0.003273836946326325
DCAF6,0.0032631883148830365
KRT7,0.003233275880974773
SIGMAR1,0.003224407179487798
CENPM,0.003223775793838035
MT-ND4,0.003221666985916638
NDUFB4,0.0032174127390918184
DCTN1,0.003207699901701666
KRT15,0.003196357206442846
RASGEF1B,0.0031923139154652613
KIF3B,0.003170792363180741
DTD1,0.003169275144241812
WARS2,0.003150422560382893
CEP83,0.0031449457386945046
SRA1,0.003144271804555565
MRPL45,0.003133481648889269
WIPF2,0.0031297721229577302
RGPD4-AS1,0.003109913967534572
HERC1,0.00308598430813789
EID1,0.003076299640701885
WBP4,0.0030522562460808533
ANKRD40,0.0030282551938518587
SERINC2,0.0030034018761146974
GOLGA5,0.0029898348708139455
NCOR2,0.002989627587775212
TEX261,0.0029789836517080115
FCHO2,0.0029742755749198047
FOXP4,0.0029534639634667403
CEP55,0.002946709696892258
FOXRED2,0.0029392862338906145
SOX11,0.0029218186860875406
ECH1,0.0028913083725352617
RB1CC1,0.0028855210166105483
SFN,0.0028708672132073954
ZNF385A,0.002849608811321902
TPD52L1,0.0028302775145176984
NEDD9,0.002797448180057449
VIT,0.002796432285393946
RPL28,0.002796088665884655
RPS21,0.002795431295859352
CASK,0.0027931671361343113
EFNA2,0.0027745143023631957
CEP63,0.002773609473205596
B3GAT2,0.0027591291086703773
H1-3,0.002731583833769813
MRPL14,0.0027199668187476433
MLLT6,0.002696229199726119
SEC61G,0.002692319524512321
PTPRE,0.0026655839820903804
MT2A,0.0026223773894273883
APOOL,0.0026210880020520744
CERS6,0.0026204998166030613
HRAS,0.0025984287398872485
FAM181B,0.002577033735751577
PAIP2,0.0025716805058135783
CAV1,0.00256118869763311
HDGF,0.002547803732819265
LPAR4,0.002547426996425406
FAM120A,0.0025403091614231155
CADM1,0.0025340020816200237
SH3RF1,0.0025309107233069117
CCDC88A,0.0025107614139252554
TUBA1C,0.002503428101781724
KEAP1,0.0024781162908589227
GNB1,0.002476088089936823
ZFP36L1,0.002474003734905139
APEH,0.0024691954642659386
DKK1,0.0024667280962114013
PLK1,0.002463082057878818
SELENOH,0.002450868999804845
ATN1,0.0024506493466327495
CKS1B,0.002432097375837605
YEATS4,0.00241496417512832
ARHGEF26,0.002414337839633518
POLR2A,0.002412162420757147
FLAD1,0.002403438900072219
ZFC3H1,0.0023914337744763703
CYB5R3,0.002389348200916963
AGAP1,0.0023652104664468876
LINC02582,0.002363796487747205
KLF6,0.0023585254119240506
EFCAB2,0.002352856436383277
SCNM1,0.002337999701804039
CHPF,0.0023350893688118823
SLMAP,0.002308842554924695
ANKRD28,0.0023087136681259057
PKP4,0.0022959580116552747
IGFBP7,0.0022846724111382777
TMEM52B,0.0022820664255902567
PPP4R2,0.002273500373520587
SMARCB1,0.0022503758721788003
TCEAL4,0.0022449252920828666
TAF13,0.0022344941095091553
GTF3A,0.0022153034538285876
DGUOK-AS1,0.002211708325405848
UBE2D1,0.0022101642319725112
DYNC2I1,0.0021982289906152808
ERO1A,0.002172426824750495
H4C5,0.0021516278530697708
DAAM1,0.0021210414823016333
UBE2Q2,0.002120303814395985
NUAK1,0.002106510241522086
DANT1,0.0020740597226780455
FLOT1,0.0020570515928581834
