,importance
MT-RNR2,0.05867710661999586
TFF1,0.058076992704493964
GAPDH,0.04335784703185006
TMSB10,0.03626237860073799
LGALS1,0.03529568614777917
KRT19,0.033338919153664485
PGK1,0.032040550465810065
TPI1,0.026428468669973348
RPL13,0.023969445971289187
MT-RNR1,0.02382982242697747
RPS19,0.023008866086014403
RPS14,0.0204993687577962
PKM,0.019225383910004855
ENO1,0.016113225113629632
RPL34,0.014280222918122868
RPL35,0.014014653781809683
RPL12,0.013500670757971333
ROMO1,0.012117556117379061
BCYRN1,0.01209607115815534
RPL30,0.011887005827995147
MALAT1,0.011637037898782284
TMEM258,0.011444930588526612
RPS5,0.011096846965537302
RPL15,0.010799998433446669
MT-ND4,0.009383433041635154
RPL39,0.009379676213584102
S100A10,0.008816585460335386
RPLP1,0.008608338658680985
UBA52,0.008276139116143536
RPL35A,0.007839501081738979
RPLP2,0.0077174601193185565
RPS15A,0.0073907577892709615
H4C3,0.007095031255623041
SERF2,0.007011023434458218
HES1,0.006016722158325233
DSP,0.0060162481196075375
SNRPD2,0.005770405306168301
MT-ND3,0.005608400955267022
TOB1,0.005606377478986857
RPL36,0.00547509668841045
RPL37A,0.00542141740351691
MT-CO3,0.005343317954336364
ELOB,0.005329133216434262
RPS15,0.005285864621036099
KRT8,0.00525195070081011
RPS16,0.004953622103580958
RPL23,0.0048024890551789535
MT-CYB,0.004755912930892427
UQCRQ,0.00473563176365546
ACTB,0.0046686840367378525
TFF3,0.004543155154050502
KRT18,0.004506515020953781
SET,0.004335311501815167
HSPB1,0.004191205535028293
RPS27,0.004182281871333438
COX7A2,0.004156950477919986
TMEM64,0.003826663300091662
FTL,0.003565689825230195
RPS12,0.0034972346724508312
S100A11,0.003286517923276206
RPS28,0.0028874635017390768
MT-ATP6,0.002869039460786445
MT-CO2,0.002833395004900302
FGF23,0.002811770757040673
SOX4,0.002810789193414382
NDUFB2,0.0026754241383610254
ATP5MK,0.0026651720413803587
DSCAM-AS1,0.002463840584120836
PARD6B,0.0024598770257765346
H2AC20,0.0021990711181223387
VMP1,0.002071337773483366
BCAS3,0.0020114086712545135
PKIB,0.0018885368422113039
COX7C,0.00185277139566296
ATP5ME,0.0018517097067192946
TRIM37,0.0018096612100749468
RPL11,0.0018023527740076402
TPD52L1,0.0017459289643598172
CSDE1,0.0016829532712133595
PRRC2C,0.0016820920267273684
NCL,0.0016703374291916443
MT-ND4L,0.0014975415354689945
NEDD8,0.0014828284519653138
RPL37,0.0014796890520068042
PFDN4,0.0014706072396087199
HNRNPU,0.001464684061189163
H1-2,0.0014462678432741296
NCOA3,0.0013545082054101508
H2AC12,0.0013509527800556937
PSMA7,0.0013491113790279703
YWHAB,0.0013441227474543492
CBX3,0.001329111336067792
CALM2,0.0013210845847015148
HSPD1,0.0013200042258934004
RPL28,0.0012981366609074066
YWHAZ,0.0012928009833986906
DNAJA1,0.0012796995911019315
IGFBP5,0.0012761504378004762
HDGF,0.0012654080358214437
MT2A,0.0012499475043897385
TPM4,0.0012452955449268478
TPM3,0.0012311382789187944
RPL29,0.001229370392348081
DEK,0.0011930231685581816
HNRNPA2B1,0.0011859929349557284
RPS6KB1,0.00118519675124651
ATP1A1,0.0011414895930252366
CAPZA1,0.0011313281845756727
MT-CO1,0.001130222226710625
MT-ND2,0.001108885603263274
GOLGA4,0.0010999056936867077
AREG,0.0010843850197684083
MT-ND5,0.0010677902699201384
PAK2,0.0010622517117646196
EIF4G2,0.0010603602230421568
H1-3,0.001045102939165557
CKS2,0.0010444331742762208
PDAP1,0.0009663643451031537
EIF5B,0.0009594706143499629
PTP4A2,0.0009413626733834335
BPTF,0.0009383725718089227
RHOBTB3,0.0009184273671654969
XBP1,0.0009075273812608919
MKI67,0.0009026290783247789
C4orf48,0.0008981402148006098
METAP2,0.000887561929492079
HNRNPAB,0.0008864542639672506
EIF3A,0.0008696969274475018
MT-ND6,0.0008560727735171912
C7orf50,0.0008530525875422358
ARPP19,0.0008369457687387858
MT-ND1,0.0008362278401682297
COPS9,0.0008236820668938562
LARP4B,0.0007896901799041346
GSPT1,0.0007859868500702151
CDV3,0.0007855468759076153
GTF3A,0.0007668216285109517
BAZ1B,0.0007637630910562992
PPM1G,0.0007543705518456359
RPS27L,0.0007397706608597542
PTPN11,0.0007205201692010052
POLR2J,0.0007177167484051714
RAD23B,0.0007150407129489254
ZNF217,0.0007127933886777489
BRIP1,0.0007074461040851643
POLR2I,0.0007048763694445248
SYNE2,0.0007031693569749268
MYH9,0.000703018075277301
TPM1,0.0006986594848266043
HIF1A,0.0006983926565379816
HSPH1,0.0006952293137967632
S100P,0.0006915781417429645
SLC9A3R1,0.0006868275794020829
RAD21,0.0006799337112225899
AP2S1,0.0006743167006790052
ANP32E,0.0006688893426244938
SYTL2,0.0006678629638832901
HNRNPUL1,0.0006654662253533218
ARF3,0.000662522691458356
NDUFS6,0.0006557620852810845
ANKRD11,0.0006521240555339932
RBM25,0.0006385522980224168
C9orf78,0.0006315800590078554
TARS1,0.0006267261828697888
BASP1,0.00062337903202632
SLC25A24,0.00061517394647499
KIF5B,0.0006136290635046955
H1-0,0.0006103240307408781
USP8,0.0005985225426875366
FAM120A,0.0005948003066647163
PRRG3,0.0005931495119794573
LEO1,0.0005918958347409968
ZNF302,0.0005911919267833528
WDR43,0.0005899141259719258
KRT10,0.0005858326507823424
NCALD,0.0005778577726865075
DYNLL2,0.0005765688606956883
CACNA1A,0.0005753992433161512
ENAH,0.0005724614130401305
SNX27,0.0005702424501280945
LARP1,0.0005618773473653867
DNAJC2,0.0005572982781198247
PSMD14,0.0005567612967164518
RNPS1,0.0005542484141666487
LXN,0.0005517739756618216
GPATCH4,0.0005432106209358359
UBE2K,0.0005430611205873967
CDK2AP1,0.0005410586588625975
RALBP1,0.0005388618067524184
PLBD2,0.0005345380266762449
HTATSF1,0.0005308376022407979
INPP4B,0.00052936602032151
GNL3L,0.0005277790061058162
ZC3H13,0.000519867067060787
BDP1,0.000518483446830654
NSD1,0.0005130328212219786
ANKIB1,0.0005080856257945907
AP1G1,0.0005007559544507109
CLIP1,0.0004991377445416479
NPM1P40,0.00049596628434583
MRPS34,0.000492761177963823
MDM2,0.0004887388895008831
ILF3,0.0004886179699426861
TRIM44,0.0004744804418238616
JAK1,0.00046960559746745344
PHACTR2,0.0004634351228085314
MT-ATP8,0.00046095531568519254
CLTB,0.0004599795239505918
DKC1,0.00045546130949472065
CDC37,0.0004540686432292007
TRIP12,0.0004475572140159287
RTF1,0.00044479292784499366
ZBTB20,0.00044366552927881353
STARD7,0.000442307629284161
RBBP8,0.00044111912370351446
BRD4,0.0004364166277971007
CDC42BPB,0.00043560943835356183
FGD5-AS1,0.00043414908242230243
CENPU,0.0004282840660498371
HCFC1,0.0004240891203989574
HNRNPH3,0.0004240136020824173
ZMYND11,0.00042145187546592636
UQCC3,0.0004206995732207128
MGRN1,0.0004152690197579987
NAA50,0.00041057043444903363
VTI1B,0.00041029749935548644
RNF168,0.00040783274448213524
MT-TQ,0.000402422907053022
GSE1,0.0004003203258985944
TSPYL1,0.00040018279384072407
CAV1,0.00039624575947530874
MT-TS1,0.0003921435142388109
NORAD,0.00039112948093629376
BCCIP,0.000388116086252877
SRGAP1,0.00038643224193612064
PHF3,0.000384636515081308
WSB2,0.0003841329138918914
KPNA4,0.0003840919669539596
ZNF121,0.00038227031538635
CEP55,0.00037986805243015663
GATAD2A,0.00037706909933993293
CENPB,0.00037673611825180783
H2BC4,0.0003756376974575762
KIF21A,0.0003755584472057148
NFIC,0.0003703789697090413
RABEP1,0.0003701644742238738
MYBL2,0.0003689879583392738
MYO10,0.00036716506103865923
WNK1,0.00036567235303710085
BRD7,0.0003654670172461114
AP3D1,0.00036491400541368776
MAP7,0.00036387505092318515
KIF14,0.0003636556692693591
KPNA1,0.00036211727655645457
USP7,0.00036036084009402115
NAA15,0.00035466467619616176
EBAG9,0.0003490821344598731
GARS1,0.00034903251979712135
EIF4E,0.00034776203677804463
NEDD4L,0.0003470537100497014
MAVS,0.0003466586724462421
FAM102A,0.00034549922519956525
EIF2AK2,0.00034470935950268056
PRKACA,0.00034214422632871576
FAM32A,0.00034021058169684084
DDX54,0.0003382402507043379
ZNRF1,0.00033676164506413447
NDUFAF8,0.00033460770166418786
BTBD9,0.0003337730627417139
SOGA1,0.0003325841112195928
EGR1,0.00033246096684559265
IGFBP4,0.0003280523802919176
NRBP1,0.00032801984993500994
SETD2,0.0003247084599321689
ATMIN,0.00032339004269944186
SOCS4,0.00031949530643828164
SPIN1,0.000319202738816237
ETF1,0.0003185194378926834
FASN,0.00031815736365168674
NSD2,0.00031636235384616764
PATJ,0.00031526134721883946
SMARCD2,0.00031050556958276445
HMGA1,0.0003073400573076433
UGCG,0.00030681347250223663
MAP4K4,0.0003063008568187892
PLCB4,0.0003056250914440801
AAMP,0.0003039717951778427
CDC42SE1,0.00030226101838295955
GPBP1,0.00030149176089926924
NAA10,0.0003003213094710361
CHMP4B,0.00029726239871417
TAOK1,0.00029624218961082346
PRRC2A,0.0002949236294328528
RHOD,0.00029379811031707097
ZNF480,0.0002932391567310709
AFF4,0.00029008323441204745
ANKRD52,0.00028680440555798806
UTP18,0.0002856087216224996
TAF3,0.000285469647921394
ERBIN,0.0002853822427788341
MAPKAPK2,0.0002852901179416933
MARK2,0.0002831139786551621
PACS1,0.0002828594153245252
MARK3,0.0002827601121703422
MTND1P23,0.00028173971597629597
ZNF326,0.0002806585243656809
POLR2A,0.0002791140329399723
SETD3,0.00027606734283718406
YES1,0.00027542842623741085
CRNDE,0.0002712350804295775
ATN1,0.0002676893670017991
RRP15,0.00026658793302466945
KCNK6,0.00026414282763136305
ZNF703,0.000262617211536821
ZC3H7A,0.00026202420200618334
KIF1C,0.0002599300477387307
FMR1,0.0002551777830192897
CCDC186,0.0002546313199538581
EIF4EBP2,0.0002544978411510113
FKBP5,0.0002521383491746448
MCRIP2,0.00025172945381671724
RCC2,0.0002516111914953978
SNX4,0.00024830271890041115
RRP1B,0.00024773647218591686
NIBAN2,0.00024578371793764907
PUS7,0.00024493898861223124
PABPC4,0.00024456165718783753
ARHGEF12,0.0002431807296092839
SGO1,0.00024253404473666262
PALLD,0.0002403985741467136
CTXN1,0.00023978325724862602
GSR,0.000239708797515187
PYGO2,0.00023834733095824082
DCAF6,0.00023675105515103844
UBE2Q2,0.00023566238306885038
GOLGA5,0.00023513790511525218
POGK,0.0002344848548786209
WWC3,0.0002335382517380658
AP1M1,0.0002287150776033131
PDS5A,0.0002262474879845402
FARSA,0.00022612403711500488
ITPK1,0.000225348771241076
GBP1P1,0.00022517016951477598
AATF,0.0002249386821843345
TNIP2,0.00022290617967333308
RPS19BP1,0.0002222339854704116
EFCAB14,0.0002202082691034864
SAPCD2,0.00021951817761460681
ATP6V1E1,0.0002182056827347197
NET1,0.00021818386578225326
KMT2D,0.0002171073244001796
ELOA,0.00021636808366262618
ULK1,0.00021606219200123153
PRR34-AS1,0.00021101249577721925
LINC01304,0.00021089381469205115
MT-TE,0.00020938359732032406
MYEF2,0.00020780827210395547
ZYX,0.00020658743201657374
NOM1,0.0002063270839623706
FBXW5,0.00020564022411536414
ZNF146,0.00020559704903295756
SPRY1,0.0002038484169108276
PCF11,0.00020319721211888546
PROSER1,0.0002031153508811435
HCG18,0.00020218303087131534
OPA1,0.00020126818769041423
NFX1,0.00020046638081699445
CA2,0.00020030465352238887
PANK3,0.00020027842295370537
CHAF1A,0.00020001809530971302
STUB1,0.00019916534013763077
LTBR,0.00019898185795526175
LETM1,0.00019877974652569586
CBX4,0.0001975266976372951
KPNA3,0.00019737379400793114
LINC01291,0.00019734686378222304
SECISBP2L,0.0001966562070103266
RP9,0.0001950080939996938
C20orf27,0.00019399211371178514
HIPK2,0.00019187063868690536
DDX19A,0.00018995738084746344
GDF15,0.00018950736569072114
PPP1R37,0.0001881329061006655
TMEM184C,0.00018750574707668792
ZNF652,0.00018593306896929774
AFF1,0.00018500071680063493
FOXP4,0.00018397741748922086
FAM104A,0.00018340404370217095
RFWD3,0.00018260848335969484
ARHGAP11A,0.00018216421238772797
PPP2R2C,0.00018087246605529613
LCLAT1,0.00018023320161130498
RAB35,0.00018003990940292016
CTSL,0.00017926156236745586
ZNF26,0.00017881075739740977
OIP5-AS1,0.00017826722696847263
PRDM4,0.00017816644726620617
ZDHHC7,0.00017691755169272152
GDAP2,0.00017684800120910157
ARHGAP12,0.00017647950241044718
DNAJA3,0.00017566736081957302
MPP7,0.00017464256821232758
CNOT3,0.00017407556246300997
ZNF512B,0.00017365222454869303
COTL1,0.00017220713262272645
BICD1,0.00017097100021839717
RBAK,0.00016933257083386603
MIR4458HG,0.00016905841442118246
DNAJC5,0.00016859536008752662
RCC1L,0.00016646195945500686
RARG,0.00016577865620829194
UBE2J1,0.0001657714305979806
RAB3D,0.0001654150656864651
MTMR12,0.00016492240080688176
ZNF609,0.0001646706705119044
MIPOL1,0.0001635566270107904
CFAP97,0.00016293820819727404
EHBP1,0.0001616867482479881
FRS2,0.00016136053059977892
PALB2,0.00016111626589589614
KIF3B,0.0001606798546914222
MARVELD3,0.00015216308171155514
RFK,0.00015059598755637536
SLC48A1,0.00015052002867049592
LCORL,0.00014880494874303001
LSM10,0.00014749481616891096
IRX2,0.00014736632255198792
LINC00205,0.00014727487793850282
SMG5,0.00014465746865646178
EPN3,0.00014311874266582583
ZDHHC5,0.00014223123470292616
IFT74,0.00014173047692558996
WDR82,0.00014165385830848727
ENOX2,0.0001413736564343511
TIAM1,0.00014102744865893303
MYO9B,0.00014011895991727276
IPO4,0.0001400644100212706
CEP83,0.00013907905320241485
L2HGDH,0.0001372462489404429
PPP2R5A,0.0001371383892286002
KIF13A,0.00013634341580675638
ZNF91,0.0001361171684886712
CAMSAP1,0.00013579750103914892
OTUD4,0.00013553670716451657
NETO2,0.00013544624227763256
FASTK,0.00013521068133463422
TRAF3IP1,0.00013430116852779906
SIAH2,0.00013405402079262575
PIP4K2A,0.00013401998006769885
ADAT1,0.0001332173662211326
KIF16B,0.00013263160984868758
NCOA1,0.0001314962628286724
RAB5B,0.00013141129660782097
LRRCC1,0.0001302960176704155
ATXN2L,0.00013008574203185477
PCLO,0.0001289999411496414
PACS2,0.0001289746571824867
HMBS,0.00012890682583279486
MAPK9,0.00012838404234644633
ARHGAP21,0.00012811707754971434
MIEN1,0.0001270844027770423
DDIAS,0.00012538438225094423
MAP7D1,0.00012448128203950125
TRIP13,0.00012384691032217362
PRMT6,0.00012335153217749652
PATL1,0.00012313887550828432
DVL3,0.0001222856764517522
QRSL1,0.00012184437643344803
UBALD1,0.00012182447188008747
LUZP1,0.00012110125924011819
PCCA-DT,0.00012006490483565322
KSR2,0.00011970574042297824
LATS2,0.00011802164100200622
TF,0.00011788785415593162
NMI,0.00011763674007914568
CAMKK2,0.00011760839013662666
MASTL,0.00011694282353293486
HIF3A,0.00011666977976097076
RAD23A,0.00011589330013781278
SHOX,0.00011420585577129238
SRSF1,0.00011253880806215877
MYADM,0.00011234355588439127
USP6NL,0.00011014225916675703
CSNK2A2,0.00011000357265809503
BRMS1L,0.00010952142996706366
C22orf46,0.00010829410026688064
PIK3CA,0.0001082301448331074
CDK6,0.00010405105803537734
AVEN,0.00010376636178735387
NEDD1,9.688137255017561e-05
DCP1A,9.488826917613185e-05
SYT14,9.428258894423378e-05
CERS2,9.328927691313364e-05
TMCC1,9.149820004838568e-05
EFHD1,8.844894882996375e-05
HID1,8.809480863557324e-05
HS6ST1,8.331639529250912e-05
C8orf82,7.942693865027493e-05
KDM1B,7.570711042341211e-05
FAM189B,6.008316954423297e-05
