,variance
GAPDH,734493905.0590136
ACTG1,336954474.90984666
KRT8,302635210.1816192
ALDOA,251477237.7964539
KRT18,242210785.04614994
ACTB,236956174.55404449
KRT19,133833104.57068063
CYP1B1,91646864.87449603
MT-RNR2,72251014.35567918
FTH1,46429540.01025249
CYP1A1,45385184.95752754
ENO1,39783939.04546637
BEST1,36159421.30652194
MT-CO1,27318666.874482226
PKM,27232071.839828853
UBC,27227163.4860634
PGK1,24539820.6525091
DDIT4,21930682.16849615
GPI,18651512.187593125
CYP1B1-AS1,16187902.367777111
TFF1,13579099.58441895
CTSD,12633957.392478779
LDHA,10926975.114157993
MT-CYB,8528677.7532432
FTL,8507754.73325769
SULF2,8345926.509698858
MT-CO2,8070542.9455661485
H3-3B,6460362.025945624
MT-ND4,5992417.70694298
PFKFB3,5133519.187142016
TPI1,4917233.875507494
GNAS,4772754.403756512
MIF,4559663.980862027
MIF-AS1,4549345.855508315
BHLHE40,4371402.952838564
MT-CO3,3740741.44349514
SQSTM1,3700765.5465257736
HSPB1,3682121.104383965
SLC2A1,3672632.9770617764
HK2,3586350.380859294
COX6C,3409166.5114349388
SLC3A2,3354474.1844900404
TMSB10,3326913.2074145973
XBP1,3102412.2072095466
MYL6,2941819.855576667
NCOA3,2935044.49773762
HSPA5,2884542.80052766
DNAJB1,2781385.2378303
SCD,2563981.208740584
TMBIM6,2474289.014531188
KRT80,2370234.103235684
FOS,2317897.392205379
TMSB4X,2306295.797957706
MT-RNR1,2179832.431164817
BNIP3,2132072.3947890056
DSP,2100765.061282515
TUBA1B,2057164.1556600563
FLNA,2055009.540880073
SLC9A3R1,1995560.452503659
UBB,1930620.4284581626
ATP1A1,1929553.8101103175
PSAP,1801511.9367353357
HSPA8,1777608.3538200755
CLDN4,1692539.1804573967
GDF15,1686371.1299468144
SLC7A5,1625531.1829590036
DDX5,1576086.2626139726
ATP5F1B,1559847.6797123854
GSN,1529320.2517873496
SLC39A6,1519092.3744344043
CDKN1A,1514021.2405916364
CSDE1,1508424.88171367
AARS1,1434471.5388432469
VEGFA,1396476.0575506117
CFL1,1357886.8978852555
MALAT1,1212765.8755074975
IDH2,1207280.2357387939
ANXA2,1186571.907044139
IGFBP3,1144293.1826719358
HSP90AB1,1124819.5938649133
BSG,1122277.3767036202
SPINT2,1082183.7009965421
GATA3,1074849.177258622
KPNA2,1066966.0061925026
CDH1,1047840.4028542913
MYL12B,1036554.1529123889
MT-ND5,1018978.8260768525
TRIB3,1013308.4951813321
ARL6IP1,1001296.2081527757
RPL8,989395.7802550829
BAMBI,985764.1375610025
MT-ATP6,977745.9939031886
SERF2,959782.5316391671
SLC1A5,954893.3755553423
STC2,934677.6773748167
P4HB,918788.1483056069
NME1-NME2,856579.0452339622
PSMA7,822127.318606208
GPRC5A,812368.7410632508
MT2A,797553.1561931845
MYH9,786946.7254111249
NR4A1,754376.6192227241
NDRG1,735782.0221453679
PSMD2,730617.3584405286
S100A11,727749.6811750719
GFRA1,726775.511325578
TUBB4B,707676.2362445833
CCND1,695537.358208139
PFKP,689874.857654505
KRT17,675804.8941806906
UGDH,660425.7006274516
HILPDA,639856.0428417157
CLTC,636260.3363635126
MRNIP,635524.1305483035
PFN1,629681.8612907195
SOX4,621109.4618265824
RPS3,612346.5964211992
DUSP1,612211.6802865223
S100A10,608292.2404002569
RPS2,606393.8401159215
ZFP36L1,598504.3639495303
JUP,596942.833267262
PSMD6,579052.5529233249
GRN,574423.0098013743
MYL12A,565608.8450781238
NFKBIA,559118.4816617236
RACK1,555789.7309748066
ELF3,546713.013765669
HSP90AA1,533332.6011236724
DHCR7,533315.0189055806
PRDX2,533082.4382458681
BCAS1,523218.2209752184
VMP1,520693.14773146686
MLPH,520684.6640055774
RPL13,517608.8376416552
RASD1,510298.10438396217
BCAS3,508052.0794362501
TUBB,500517.91782975337
MCM7,498655.747775211
LLGL2,497742.2256093394
PREX1,485426.924664744
LMNA,482904.02251445607
KRT81,470683.46051426436
EEF1A1,466873.18953426386
UBE2C,460561.9016034897
SLC25A5,450557.6243216274
EFNA1,449099.33905649825
JUNB,440778.67227591417
ACKR3,440710.7042910063
TACSTD2,439405.750372507
RPS19,435498.467048515
PPP2R1A,434616.97075991426
GLUL,422372.4971224695
NME2,420651.8799912512
EIF4G2,420400.21513813466
ATP6AP1,416315.4056976475
PLIN2,410467.2015501793
ACTN1,398370.5750413516
SARS1,393131.0250707422
MT1X,379656.60291443963
PHLDA1,377166.44952360116
AP2M1,376568.30213388405
DYNC2I2,375494.8523642231
CD63,370883.8813172394
PLK2,358861.23374297714
PSMC5,358750.8171093461
PUF60,356003.16260440426
EIF1,353433.38731152477
GSTM3,352810.674996241
VCP,351456.89899252256
RPS18,344509.85086052516
KDM3A,340961.2977321502
ADM,339404.87464628776
COPE,336610.64962475904
NQO1,330830.2232307629
KDM5B,325480.2873019564
DDIT3,323500.06619003974
TIMP3,323102.96526458225
COTL1,316984.61271581484
CEACAM5,315405.8876737806
TKT,314436.90637431096
H2AZ1,312905.12387735286
EIF3B,309864.8827662568
KLF6,309675.0497723946
STARD10,309177.84922012786
RPLP0,306601.6855357947
TPM4,306125.1810315364
POLR2A,305354.0151873475
NME1,302012.96418465424
PFKL,301739.3635257612
AREG,299843.8945497787
PABPC1,298154.0338468691
PPP1CA,297330.7420748294
CRIP2,294532.5650212572
PSMB5,294205.6263994645
WDR1,291933.9578554537
NELFCD,288171.59292168485
AHNAK,286007.14183970564
TNFRSF12A,283026.4370292405
HSPA6,282281.1173431043
PPM1D,281022.7185624648
FXYD3,280966.891405684
MYBL2,279769.1413202457
ERRFI1,279657.333041707
PHB,279146.8832583762
RAN,277637.59504053136
SLC25A39,275184.3872705152
RPS14,274531.6909080967
CTNNA1,274103.3398903667
EWSR1,273774.3609421348
KLF10,271577.8481538694
PLK1,271155.18689595873
ID3,270063.2420816648
PSMD4,267430.1582983609
CYC1,264364.7729963228
TRIM16,264023.3520703181
HSPA1A,259664.4018700532
LMAN2,259632.09496534654
EIF4A1,257287.9467827702
ZYX,257152.0715350019
UQCRC1,254238.57736524823
TMEM64,254089.35708720077
ELAPOR1,253685.79179254474
HDLBP,253674.04553470144
HNRNPA2B1,253666.33464109473
DAZAP2,251990.26232690387
SLC25A1,251231.46708952473
SENP3-EIF4A1,250680.16376635293
TK1,250529.27961942647
DSCAM-AS1,249749.31743059063
MT-ND4L,248075.45605785144
SNRNP200,247118.85423701024
CLK3,246461.3285716237
RPL3,246077.04918458578
TGIF1,246059.82390332597
CERS2,245929.9677115087
HSPA9,245738.2506117316
PPIA,245587.81538692865
NHP2,243891.7979440352
PFKFB4,242589.40959359182
PTP4A1,240509.5064590654
AKT1,239108.59591541035
TUFT1,237302.60310581938
ERO1A,235494.85624649693
RPS5,232786.96139597832
IER2,232644.64526403567
TFRC,231721.94331059547
COX4I1,229058.03867237177
EMP2,227946.73983295317
PEBP1,227921.04818667704
RMND5B,227309.65692452804
YWHAZ,225677.48909819147
XPOT,222758.03912348082
TFF3,221386.06617637016
IGFBP2,219306.51297964546
PRPF8,218107.66720435244
ILVBL,216833.1358795948
SLC25A6,215235.95111615394
LMCD1,214355.1368501637
CLIC1,213288.1242601122
BCAP31,213017.97464218808
RPN2,212938.67099093672
ENO2,212803.30053449652
CCT7,210154.33801757966
SF3B3,208476.95185433282
EEF1A2,207691.4909573083
ISG15,207372.26012603717
DDR1,206839.74638087282
FAM162A,205775.5925799353
FLNB,205296.17304826857
CDC20,204960.76886798957
PHLDA3,204805.00604213096
TSC22D2,204137.46054160444
DKK1,203079.74275832853
CLU,202143.44709034468
CCT5,201936.5305045588
AGR2,201780.20838516502
PSMC3,200246.29944089768
ARF1,200155.16808606606
FBP1,197363.70441403615
BMP7,196809.42125408413
CRABP2,196720.888781048
MBTPS1,196364.58795948233
COPG1,196355.28962585283
KIF22,195223.62050770334
HMGN2,195081.3242929204
TRIM37,192772.3498011018
CLDN3,192586.9250064932
NECTIN2,191119.63301573388
NEAT1,190720.80517545412
TMED10,189789.87691550588
FOXA1,189174.46885295204
SYNGR2,188790.50282285069
EEF1G,187656.30798463512
MARS1,185500.26250461364
TXN,185428.40608040683
PPP4C,184433.73510313986
PDIA4,183313.9786885021
CCNB1,183049.23949803837
ARPC1B,182408.32229710356
NEDD9,181799.68546744506
MCM2,181358.68211829994
DNM2,181130.54666247452
TOB1,180191.97263270133
PRPF6,179468.78338550706
PMEPA1,179363.26663294728
THBS1,179300.84473637433
ECH1,178786.1235766135
SNRPD2,178066.6025453501
PTMA,177099.21751671174
PHLDA1-AS1,174419.65119680687
PRMT1,173799.2377892909
FAU,173342.54411985827
SPTSSB,170935.39327163613
PRDX1,170914.33792188973
ATP5F1A,170719.16721118748
TAGLN2,169459.20525474014
CEACAM6,168780.69332768238
C19orf48,167725.87296488188
CANX,166055.2399901576
SMARCD2,166011.96054843956
DHCR24,165649.72580755383
ESYT1,165581.7272292318
FKBP4,165389.53922600593
TLE1,163741.51977362513
HNRNPC,163477.74036608214
MAGED2,163329.1051221413
IARS1,159260.57967547484
PRSS23,158358.01531037694
DDOST,157291.7117001352
CTTN,157097.89844572332
PFDN4,157077.21266386885
PPP1R15A,156892.18048473736
ADRM1,155849.92089182962
STIP1,155763.30772490523
CCT3,155682.26294205314
CALM2,155672.4776837587
AMIGO2,154407.79049389611
H2BC21,154395.94817710825
NRBP1,154058.22105723617
MYL6B,153622.7802414118
GHITM,152281.67691003782
PTPRF,151634.9654149524
PDIA6,151355.38571213768
COX6A1,150218.00501688247
TUFM,149369.33912484793
RBCK1,148229.1773269721
SAT1,146477.4446570886
PIM3,145972.22753680655
PPIB,145847.51269257584
UCP2,145218.87855590327
PSMB6,143708.80748568085
HK1,141407.98013752003
QSOX1,139513.4784219376
CNBP,139490.09566251573
ATP5F1E,139350.14008994846
TXNDC5,137837.52000601465
IRF2BP2,137107.12687107836
COPS6,135335.10465736192
BNIP3L,134562.0534496193
RPL10,134211.63398630288
DDX39A,133778.48706136463
PRC1,133038.43355706581
RPN1,132863.42028351547
RPL15,132757.9120883628
BLOC1S5-TXNDC5,132338.60105532254
APRT,132296.63718507774
DUSP4,130779.28670047727
MCM3,130564.57836315672
PIGT,129864.35245307787
DDB1,128713.27517668434
ILF2,126601.94564816213
CYBA,126313.87933509205
BCL6,125926.90133008921
HOOK2,123547.41275135674
CHPF,123450.75708446674
HNRNPF,123060.09380339835
SRSF5,122082.42204694272
PARD6B,121564.83570051816
IER5L,121327.61841619619
RPL7,120218.3631019916
TSC22D3,120151.41411835456
DNPEP,119837.0490478859
ITGA5,119251.3533826365
PRKAR1A,118628.41949065667
MARCKSL1,118072.69494074068
SURF4,117478.30136836504
JUN,117396.69541919006
RPS6,116738.28668680709
TSPAN15,116666.46047325473
WDR6,116430.48786789339
TRAFD1,115719.35092204013
SUN1,115681.08506828161
RPL18,113347.7344743209
HLA-C,113260.29465640502
WARS1,113106.59104889746
HNRNPM,112917.9189233525
LY6E,112858.22563667927
DEGS2,112721.383497601
RPL13A,112604.9050893333
SDHA,112483.52181045206
OVOL1,111928.55489180233
PSME1,110721.26731644646
HMGB2,110485.86941068718
RPS6KB1,110078.9460992714
SEMA3C,109767.59014667888
STUB1,109699.79284513273
SLCO4A1,109690.2039014121
RPL4,109656.298607029
OSER1,108026.62339206849
EIF4G1,107893.18763413663
LGALS3,107759.72162454041
SELENBP1,107683.87761267483
ELOB,106661.55430399306
PSMB1,106384.17322597842
CTSB,106236.46462892844
SLC38A2,105782.3879130043
MYADM,105523.0300466147
SYTL2,104559.46617363619
TANC2,104394.47551023187
SMTN,104290.3476959247
ID2,103585.5878364525
ECHS1,102997.10774677739
TRIM28,102959.85725807548
PDXK,102675.23810370044
H4C3,102590.82924828786
HNRNPK,102514.6400421036
MDH2,102391.19615053372
ST3GAL1,102203.473049636
EEF2,102151.01831777234
LYPD3,102036.13304990916
IFITM3,102032.65710223783
DYNC1H1,101810.6538761227
NEU1,101656.12290678448
MYO1B,101521.34595983756
AAMP,101474.21213073979
JAG1,100755.21392150733
FTSJ3,100360.41540333269
LSR,100289.4975325687
CIART,99981.6644840269
NOL3,99881.26273700326
CITED2,99757.31751261056
PARK7,99422.7064235233
ECE1,98702.61502604141
APEX1,98382.95673451533
TXNRD1,97994.18759312668
SCARB1,97807.24097439616
OAZ1,97403.45838174793
ZMYND8,97274.4527497164
RPLP1,96078.76022856195
RPL32,95935.45158776805
DDX41,95568.2351099749
RAP2B,94838.29241452852
CTNNB1,94566.11067215296
RNF10,93378.1786119503
TGFBI,92968.35343731614
LDOC1,92698.85500252906
ITGB4,92674.45250365676
RAB31,92620.4625374217
PLD3,92152.0482550272
TECR,91837.23355159727
SLC44A2,91801.89713340533
PRSS8,91193.09064563306
ZWINT,90896.03726436387
CXXC5,90681.18249422453
SREBF1,90234.41016773062
INSIG1,89903.53574016111
PHGDH,89822.93221057224
PCBP1,89366.37622517186
ATP9A,89231.5654313563
EIF5,89106.60549806563
KIF20A,87436.44346780004
N4BP3,87371.54370975905
IFI27,87368.54191899141
ITGB5,87000.59721405807
ARPC2,86859.42402908976
BRD2,86502.64576982491
AURKA,86349.36616406718
UQCRQ,86317.47114950854
ID1,86266.6751739505
ADIPOR1,85793.22670293767
TPX2,85712.21598567405
ELP2,85513.10233346549
H2AJ,85241.94589422176
UBA1,85153.7988325838
CALM1,85151.36951321214
APPBP2,85034.4414719834
CSRP1,84889.5296160103
MAGED1,84630.01366997944
PERP,84561.48141566319
NCL,84543.3786447582
GANAB,84462.32350006148
SEC61A1,83953.73511681003
SSR4,83635.56465216733
CD9,83598.9427637965
SNRPB,83332.97594083638
MKRN1,83305.91068035498
XRCC6,83249.52376525904
GLG1,83000.19431875656
GPX4,82967.88309433653
TUBA1A,82747.02222738638
CA12,82679.50003417484
H1-2,82039.35349199623
RAE1,81966.51083345867
P4HA2,81898.25372848692
FLOT1,81818.28228507382
ANAPC5,81695.55371618397
LOXL2,81612.92894344764
CDK5RAP3,81445.81578335816
DNAJA1,81397.44196410266
HSP90B1,81084.20856287502
SKP1,81028.39696253055
RHOBTB3,80981.7696061679
CALR,80660.01623993546
SAE1,80570.48324744032
GNB1,80520.43743933945
STMN1,80462.1561248343
USP11,80437.42214263255
CCDC47,80294.62333738877
BUB3,79902.02526212185
SNX22,79901.06531516144
AP1G2,79764.87394912037
GPAA1,79647.84581630284
ATP6V0E1,79592.00318510523
MTHFD1,79373.00425136357
RDH11,79291.35759299
SLC38A1,79258.13425286733
LAMB2,78807.85154402415
PRDX5,78725.52078520363
COX7A2,78502.48335680012
ENO3,78453.55627247001
SRP14,78206.47679521002
RPL31,78133.0382896122
ACADVL,77856.32057468596
BAG1,77814.90724919004
PXN,77534.39510341334
SF3B1,77050.89485051874
LDLR,76644.5630527797
GUK1,76575.45254466672
OSR2,76203.73295695319
C7orf50,75437.28439025056
ISOC1,74940.11619482447
MTCH1,74859.1673205474
RPL18A,74813.92618211142
PRELID1,74764.94825912808
SNX32,74721.96894180692
HMGB1,74522.11439038735
P4HA1,74493.11239457029
NR2F2,74438.99000724504
SRF,74429.35895998804
HNRNPUL2-BSCL2,74193.27270241825
TPBG,73857.8468278813
CDK4,73208.58065971319
BLVRB,73142.89219854277
SMIM14,72899.20603392889
LAMP2,72388.23043484207
ATP1A1-AS1,72299.64192856065
GNB2,71857.90079695988
LPCAT1,71689.09683813377
PHPT1,71315.56481620713
RPL30,71283.87252744245
FDPS,71027.64846281084
HEATR6,70677.64088964222
GYS1,70651.05291649012
KYNU,70479.80004921195
PINK1,70391.88293029684
CCN5,70333.62251718984
RUVBL2,70330.3439913606
LRPAP1,69995.84018427136
FAM83D,69713.7591212941
COX8A,69321.92813691853
REEP5,69182.29383620629
TMED9,69173.85676595628
MTATP6P1,68967.6226402199
ASS1,68849.7365658278
EIF2AK1,68506.21102347135
NUP188,68427.9340013397
PRMT5,68310.3382226293
LSM4,68062.61926373484
AEN,67725.96747911912
EIF4A3,67347.66216013012
NACA,67288.05596489541
EEF1D,67226.1446557216
COPA,67216.73588232888
PSMB7,67060.24197230466
HSPA1B,66777.79430782054
AMOTL2,66724.09635968451
TBC1D9B,66675.18129126627
EIF4EBP1,66602.21716129206
FOSL2,66569.66913181958
GREB1,66368.87548015815
NFE2L2,66193.16312386372
BSCL2,66118.98559184177
PRMT6,65942.24943611334
RPS27,65871.07779585248
PRMT2,65856.76484901509
PTPRK,65795.845037114
NDUFA13,65649.12540839061
SND1,65596.10402854296
TNFRSF21,65550.31755362051
NUMA1,65499.753803671694
SEC31A,64952.51624677046
XRCC5,64893.288668954134
PIEZO1,64795.70373053737
PYGB,64780.51266523582
JAK1,64469.56451546759
CAV1,64466.463302940596
NEDD8,64292.87964950172
MKNK2,64196.81374653127
PSMC4,64139.40575232727
IST1,64092.01954807043
CST3,64062.789988107084
CAPN1,64062.630760187516
SRSF9,63805.74072150155
NDUFB9,63641.28758902576
HDGF,63601.93691304519
TRAP1,63349.1400899485
EIF3I,63108.195562724795
SLC25A25,62635.815222889076
PSMD8,62395.434472954024
RPS11,62183.29204543907
IFI6,62018.47857230733
IGF1R,61841.17738165214
VKORC1,61422.508263502496
B2M,61353.47155960792
IQGAP1,61243.72493267539
TPD52L2,61116.33752546033
MIR1282,60935.07981900951
IGFBP5,60838.0602435988
TMEM205,60811.53340259454
NINJ1,60745.955777616764
EGLN3,60593.10718630827
LSS,60419.7481169604
TPD52L1,60178.448635052606
SEMA4B,60170.120418848164
PTTG1IP,59992.870121526095
TBCB,59491.26471915021
TUBA1C,59263.26696102696
ARRDC1,59242.13776605199
HEXA,59041.608532801045
SPTBN1,59015.21911609914
HIGD1A,58907.1756729047
APLP2,58852.941560838226
ERGIC3,58627.50239908139
IER5,58606.9473022295
TCF25,58511.48065014427
CORO1C,58451.174702336175
RNPS1,58302.19837874045
FDFT1,58260.07935423011
RNH1,58138.37045644054
TOMM40,58033.69651278829
OS9,57823.10175932635
SIVA1,57810.88284827692
POLD2,57774.37115360954
RPS21,57633.954492638724
MCM4,57278.29955025768
PDIA3,57089.313438956706
SF3B2,56947.62333738867
SLC6A14,56533.72208931962
SPINT1,56371.553661503924
NRP1,56191.81407461072
TSEN34,56186.95934548144
BCKDK,56089.92071411976
HSPB8,56066.9498038359
C1QBP,55985.658510245645
MLF2,55844.87300589173
ADGRG1,55747.778450644495
RNF114,55622.25252552869
EZR,55105.82636392213
EVL,55094.680040463114
KRT86,54869.35715555062
ITPRID2,54557.09588123516
PADI2,54207.771301245164
SEM1,54176.440856834386
STX16-NPEPL1,54127.55999070438
FEN1,53997.78436974565
NPM1,53650.52351919942
HNRNPU,53521.79552444874
LGALS3BP,53401.62794417191
ATP6V0D1,53352.867018440884
NPEPL1,53266.69882301474
COX5B,53231.87516574853
PAWR,53008.90685276073
GPER1,53008.83971949212
CD55,52924.37938293714
ANGPTL4,52908.20997088274
HM13,52879.29115689038
HLA-E,52767.67811299602
CHMP1A,52740.83533142864
AGPAT2,52673.966043771296
GRB2,52625.53807772745
KARS1,52457.450712889484
WDR45B,52356.96444438367
ALDOC,51793.99537954695
POR,51480.65490137112
RNF40,51426.68567249469
PPT1,51356.03201509169
RBM14-RBM4,51217.01797602286
GABARAP,51145.26239525384
FARSA,51114.04955367517
JMJD8,51074.53523437178
RPL37,51028.03876806146
DDX56,51012.10391918306
RGS16,51006.48028105471
CYB561,51000.74323677772
IRAK1,50971.88972427656
GADD45B,50932.4405150848
MYC,50921.30820335462
RBM8A,50729.33912484792
WSB1,50702.25376949685
CALM3,50537.289803562315
GPS1,50530.38886990279
RAB7A,50461.95349473025
DCTN1,50390.77970828266
SEC13,50285.68122975133
DBI,50139.8478531297
PPM1G,50077.40420761961
CDH3,50060.033696499144
MORF4L2,50053.03265758073
H2AC6,50037.46129345341
NONO,50028.23983978782
TMEM59,49902.86442114473
GDI1,49865.75517066966
LINC00052,49807.184408021574
PEDS1-UBE2V1,49770.64160048117
PSMC2,49753.048692466415
POLDIP2,49700.60172515141
ARRDC3,49624.15143603132
MT-ND1,49526.88495345374
NGRN,49504.508126802706
FLII,49464.83222834333
CD276,49427.12086995746
C1orf43,49418.10461635205
COX7C,49162.122988804316
FAM234A,49130.096660424
H1-0,49000.84871433843
ATP5F1C,48996.081432066996
MT-ND6,48744.65937145435
AP1M2,48702.810588765955
ALKBH5,48677.39936844698
NDUFS8,48671.49120336825
SRM,48498.47933782623
ATP5MC1,48408.01179719217
METRN,48364.40113187426
TRMT112,48345.176192363935
CA2,48149.18779817644
RRM2,48070.469167361494
IGFBP4,47989.486282175756
FBXW5,47919.97758123385
THEM6,47873.51669787974
PGD,47820.459147266665
CNOT1,47793.33868740856
COPB2,47774.77862835426
MYL12-AS1,47740.90276543682
TFAP2C,47719.34963706205
GET4,47693.70593140403
NMD3,47349.7712055555
YWHAQ,47323.946646070566
SET,47307.96302270588
APMAP,46901.5949175017
SRSF3,46897.95573660686
TMEM106C,46821.61946878465
CSNK1D,46776.210326302404
MBOAT7,46757.99466870803
ZFP36L2,46724.855508318076
ST14,46640.204461881265
BCKDHA,46615.37565103273
HADHA,46517.95901740187
NDUFB10,46467.99181168237
DCXR,46313.97680204504
SEPHS2,46283.41750850958
RPL7A,46268.982420406595
APEH,46260.312946837475
MT-ND2,46231.137930091725
TPM3,46172.05939606033
RBM14,46100.09465093713
ARF6,46088.69334135307
CCT2,45853.67937063412
RHBDD2,45734.44806091343
TM7SF2,45383.8551118888
DDX3X,45302.00955531557
SPAG5,45212.94735690959
RBM39,45171.80354872667
CD59,45120.29111588042
TES,44927.248684264545
HES1,44850.2994819078
RBM4,44812.60778095227
CCNL2,44423.89743414484
ATXN7L3B,44238.50629502552
YARS1,44231.181496315985
MRPS34,44205.82491490437
ZDHHC12,44080.988831626855
OTUB1,44018.39722226018
PSME2,43909.88919114727
ACO2,43769.57583421047
BCAR1,43647.203696362405
STARD7,43411.889860976305
IPO4,43358.97118368347
ATRAID,43147.06336035433
AURKAIP1,43024.23901958904
CLPTM1,42992.33632250217
GUSB,42966.5206074939
SUPT5H,42900.10542288081
PDCD6,42881.039888999745
HNRNPH2,42869.557475428235
ASF1B,42863.490670239
NCAPD2,42744.07811026201
TSC22D1,42628.035336896624
IFT122,42509.09988653921
RNF187,42404.37786556944
PSMA6,42350.56846609159
EDN1,42301.72140582076
ATP6V1G1,42189.661353601325
YWHAB,42176.721597200405
CBX5,42167.481429333006
ARF5,42101.825502713495
RHOT2,42045.67029376783
USP10,41983.30801197488
HGS,41919.43500608314
CACNG4,41908.31145680972
ANXA9,41826.63685699837
CAP1,41807.61751397755
ATP6V0B,41744.27037852174
NOC2L,41693.32982926194
GSPT1,41690.114199007585
TSKU,41655.00448375328
PDLIM7,41622.957322324444
TM9SF1,41621.00513991224
YWHAE,41559.81885910353
SEL1L,41469.96425300397
NDUFS2,41392.83149016447
TRIM33,41390.56477519717
AKAP8L,41293.36185802357
XPC,41117.99328804015
CUX1,41104.16801771627
SLC9A3R2,40960.96772517874
RPS15,40904.52343717961
PMPCA,40900.07653821447
SLC39A1,40884.4704660096
OBSL1,40811.97897557179
PPDPF,40740.54936913042
RPL35,40688.720120842605
SOD1,40669.76599729331
CORO1B,40634.78223722882
EIF3D,40595.57580687054
RND3,40555.378179978965
ALCAM,40530.113488168565
WDR83OS,40511.83478462948
ADAR,40276.2964745123
PDXDC1,40220.957486364234
PSMD7,40043.5584870067
TSEN54,39866.12086995751
KAT5,39724.07061911335
ITGB1,39634.26104192582
NDUFB8,39627.060831408184
MVD,39523.59104889755
USP5,39386.52658127486
LRP10,39365.49997949502
RTF2,39317.768457889615
UBQLN1,39264.312550408045
CALML5,39253.511011168404
MDH1,39231.73312099295
SHISA5,39164.89409866987
SEC24C,39152.98459393331
BCL3,39141.76453460554
MCM5,39099.11168373141
GAA,38974.23217092933
MYLIP,38920.757508236195
AKAP13,38911.07962762981
CTSA,38853.187114677414
LITAF,38808.50693751452
SRSF7,38803.54801580244
DPP3,38607.42338660068
PSMB3,38456.13657676377
UBAP2L,38426.03625278526
SLC5A6,38390.29568165351
SLC52A2,38336.970158435106
RPL23A,38330.50127814308
NDUFA4,38329.67451779144
CHCHD2,38326.73917679383
ESRP2,38306.16352029305
ARPC1A,38304.808743318805
IFI30,38229.974915587794
MXD3,38172.05048323373
ANXA3,38046.38824108375
CKAP5,38039.42926469182
SLC25A3,38009.51578199117
FKBP8,37916.10189602612
TMED3,37886.32958320235
TPM1,37880.18811258593
RPL12,37785.87530244833
MAF1,37738.4068322557
NR4A1AS,37660.702213169614
DAAM1,37571.74669528251
ATP5MC3,37550.99454567827
CIB1,37519.94376170493
SERINC3,37514.88683991089
EBP,37446.67461348136
HSBP1,37416.70277363882
FANCI,37407.53136576762
MACROH2A1,37315.505502166736
RHOC,37279.8749060189
COG4,37274.84320533673
PPME1,37267.26418602109
ANXA1,37244.243257282695
SNRNP25,37224.610514948115
ACLY,37024.35978018671
UQCR10,36943.63579073997
PNKD,36934.7346930406
ESYT2,36815.4835891898
MEA1,36808.840840430275
ATP6V1F,36775.72763933128
IDH3G,36742.81135428485
CCN2,36657.14334340357
MCCC2,36646.3755826829
ATP5IF1,36581.96548330211
TIMELESS,36548.0489111861
NXF1,36485.992098751885
RBBP7,36469.21170697032
RBMX,36292.70389457714
PSMB4,35936.3234180416
TUBG1,35896.44123959381
CHD2,35747.7991743333
RAD51C,35738.52170109222
CSRNP1,35737.93189616278
EIF6,35610.629352179676
RPL19,35586.07750878296
TBC1D9,35524.593769223444
HDAC1,35494.91397481988
BRK1,35373.101048487435
GRAMD1A,35353.66355446798
GAS5,35328.24780938585
PNN,35316.066791519166
AHSA1,35273.40463138909
DDX24,35222.28279086297
RPS4X,35157.21207605979
TAPBP,35141.014777247685
CDC37,35133.42777466406
MTCH2,35115.12912662498
STC1,35059.45693273008
TMED2,35032.80307027738
P2RX5-TAX1BP3,34988.65517477064
COX6B1,34956.59405629298
PRKCD,34948.03075745361
SQLE,34891.00746380877
NDUFB2,34868.140418027986
GNAI2,34766.70604076392
SLC6A6,34746.3258923078
SMARCA4,34659.71137205585
SUMO3,34649.636159829395
TBRG4,34646.53334791458
ABCC3,34642.746640602585
PCIF1,34627.752176944225
CASP14,34625.059300370536
DCAF11,34587.52011537458
TOP2A,34485.25579265384
DBNDD1,34414.271731849636
KDELR2,34356.22313507309
ETS2,34319.750878296116
RBM23,34295.53538474154
INHA,34199.93082990447
DHX30,34180.67937063411
SERPINA3,34121.057509603386
SIPA1L2,34072.52835837219
F11R,34006.7786010143
MATN2,34004.898144983905
OLFM1,33963.57580687049
LAPTM4B,33915.20756496658
ATP5MG,33613.91222506256
SAPCD2,33612.72100939122
JTB,33601.30950200263
EDF1,33574.3011223053
FZR1,33500.66161333098
HNRNPL,33411.23054420188
BTG1,33355.952770221345
PLOD1,33340.4217051932
OST4,33338.36292428199
POLR2G,33318.3986302681
LGALS1,33296.9754350471
SH3GLB2,33284.791027025545
NDUFV1,33208.900509890256
FOXO1,33159.7961669376
ATIC,33138.51338974476
NRIP1,33079.2073462469
ANKZF1,33024.32434760023
VDAC1,32938.39339466596
TRAPPC2L,32924.47054802948
PTOV1,32828.72567085424
NR4A2,32803.35126378962
ATP5MJ,32779.29018632184
NUDC,32766.213292687917
PXDN,32754.25735103137
GIPC1,32637.599838694223
ZFYVE21,32618.118382021283
PUM1,32572.993998879112
PRPF3,32524.41819200853
RPS27A,32476.457971648455
TMEM179B,32386.852651292527
PLOD2,32316.695665249554
DUSP2,32315.636802318524
ARFGEF3,32291.396320041516
CEBPG,32255.21288258854
HERPUD1,32192.59956529467
RPS17,32092.307041406384
BANF1,31970.81730072593
BUD23,31966.340450835913
PSMA2,31957.326630486794
AP1B1,31860.62940685963
TRIB1,31852.243722061994
PCK2,31716.947643979056
EPCAM,31688.63341216352
PTGES2,31648.6053340259
SH3BP4,31592.09910735033
JUND,31516.69088075677
LXN,31405.778560004343
RPL37A,31403.934438779048
COMT,31397.585895315326
DCAF7,31380.34984211177
ARCN1,31365.45250365674
NUBP2,31360.4341858844
TMEM54,31355.919839241058
PDLIM5,31342.592908014696
HLA-B,31159.669842658546
DAP,31149.178844339975
BRAT1,31141.180443727542
SCAMP2,31017.018604841902
PA2G4,30961.603802988262
LAPTM4A,30957.034065588567
FUT11,30867.002597296083
ACAA2,30838.72465927575
GADD45A,30814.501865952203
PSMA5,30766.461348133373
STK25,30764.567768922665
CALU,30616.733435402522
PCBP1-AS1,30439.974642188292
EIF4H,30420.310185501596
BCAS2,30399.49087528876
RHOA,30392.088376416563
LPIN3,30315.517887167967
S100A16,30288.975558076894
WEE1,30219.839336732606
ERBB3,30216.475756291613
NDUFA1,30204.03107186308
CLPTM1L,30147.8532391016
NUTF2,30091.685276065196
MRPS21,30032.289803562417
SRRM2,30027.732464833975
LRATD2,30017.796905116684
PI4KB,30008.027968777747
VCL,30004.452503656725
PAM,29956.263078752767
HSPH1,29897.481812092446
FAM32A,29870.41281970664
EGR1,29838.038563011814
LONP1,29829.70057277215
DCTPP1,29780.033341079634
ARFGAP2,29769.513635804422
PYCR1,29766.792243653726
GINS2,29760.557379738275
TSPAN1,29759.632236545207
CIZ1,29737.631115607004
PKMYT1,29656.26511557965
SLC25A24,29638.24435088104
RPL29,29609.6871625224
UNG,29554.83710852593
IFITM1,29298.922422867126
HSPD1,29279.95007723538
HNRNPAB,29207.48297404072
YIPF3,29173.88309433656
SLC35A4,29168.436468770957
EFTUD2,29134.185966399167
DLC1,29129.762675488262
VPS72,29118.919606851385
NRAS,29110.15332248846
PDK1,29109.432203737375
IDS,29100.627684442195
CLDN7,29061.737194646867
ATP5MC2,29053.770645086282
NUP210,28923.125285360846
HMOX1,28867.810834825643
GADD45G,28853.77816357501
SEPTIN2,28848.276297622786
SH3BGRL3,28848.13533279568
EIF5A,28839.567577542955
PRDX3,28794.489152871407
LRRFIP1,28777.727817040985
MRPL28,28774.62887373045
AUP1,28771.46060995447
GRWD1,28720.787568520827
ITPK1,28715.787500170838
SFXN1,28694.684756606017
SYVN1,28552.399969926046
TBL3,28546.256517162677
RALGDS,28519.287903435266
SLC25A11,28506.690101567943
LOX,28452.10719997807
LAMA5,28449.105354530933
TAF7,28430.336172132334
UBE2Z,28419.716607657923
KLC1,28407.598772435867
ANAPC11,28377.77824559488
TAX1BP3,28374.99256353123
CENPX,28137.57203395623
GARS1,27944.136070974542
TMEM9,27942.556436509807
RNASEH2C,27875.71591048897
UNC45A,27874.137342282585
SLC35B2,27855.141128866875
ZNF292,27839.517299358875
ULK3,27766.50692384457
PLXNB2,27752.709991387906
DBNL,27746.260385766815
KEAP1,27726.233729307038
C4orf3,27724.302133883753
DEDD2,27676.020504968976
PEDS1,27620.64448484684
SSR2,27562.06083140816
SIPA1L1,27478.19584979425
CS,27473.313767036227
MFSD10,27428.17382745753
NDUFS3,27427.477929818328
ELAC2,27382.1254904105
NANS,27345.694776700897
DAD1,27290.067133268647
TUBB3,27288.49406039393
PSMD9,27231.94753461924
RAF1,27116.404440009293
STAT1,27084.44553196724
BAG3,27073.25866334945
GOT2,27038.996227085696
SCUBE2,26983.486282175694
MAP1LC3B,26979.84084043034
MLEC,26944.460500594643
LIG1,26910.459037906905
NDUFA10,26906.841236859727
GBE1,26833.43789044878
FAM102A,26809.35782537969
KLHDC3,26801.420365535243
SIAH2,26789.047735567925
SNX17,26692.187497436902
MYO1C,26685.300233756636
GRB10,26674.87803644423
UBE2V1,26662.71049717718
EDN2,26651.30229792351
AVPI1,26629.88343608604
RNASET2,26606.358194469118
PRPF31,26540.954793378278
FAM120AOS,26488.4581493582
PINK1-AS,26444.991237543218
WDR54,26431.4434951403
OSGIN1,26423.722718138688
RAB10,26423.540510983854
SPOUT1,26333.77679657705
CTNND1,26309.53198091673
ANXA5,26296.5326644157
GALK1,26265.05774199276
HID1,26243.40803521383
GET3,26241.911145134167
HUWE1,26216.36155728404
S100P,26198.13453993681
MAL2,26177.231528440392
PC,26172.082457315497
RASSF7,26153.93778792395
ATP5PO,26149.22293002337
CCNB2,26084.59516356133
ALDH18A1,26062.669377879254
SON,26053.665099175694
PCDH10,26030.994395308564
ATP5MF,26024.334887154324
HMG20B,25996.95201837244
FIBP,25949.79928369307
ETFA,25946.409538911572
GTF3C1,25933.162577064522
SPOCK1,25919.731726655078
PGAM1,25862.944117124407
PTTG1,25808.68858420016
DKC1,25663.59597009008
STOML2,25661.113324128884
TRUB2,25659.953289680514
PCP4,25586.275764493614
TMEM43,25528.308873183585
RHOD,25507.362486842623
EIF3A,25501.227195056945
PGP,25459.226976337253
C6orf62,25457.14784082673
RPL21,25371.927603789332
UBE2I,25344.749907727626
TMEM147,25231.908957937485
CSNK1A1,25230.208426175253
RAB5IF,25221.370989569794
AKR7A2,25173.812324853403
BZW1,25131.616775798666
HMCES,25094.842193758304
ADAM15,25033.343458231364
MRPL41,24989.50840020231
RAMP1,24983.72755731124
RNF26,24939.37537763317
PIAS3,24920.759777452728
GTF3A,24857.341476084344
RTL8A,24809.338974478123
PTCD1,24769.297650130564
CTSL,24766.252320479
ROMO1,24698.152379259907
PIM1,24691.963063715775
HMBS,24674.338318319118
LAMTOR4,24619.830574275853
HIF1A,24606.058753571288
ATP1B1,24548.83676677646
GNS,24541.218008830827
FUCA2,24520.35465394445
ZNF592,24517.323199322
BUD31,24516.096701433955
CTBP1,24505.07627848481
BEX3,24471.1319699807
RAC1,24396.965278252446
RTCB,24384.163383593306
KIAA2013,24323.002118846827
IMP4,24272.767637690897
MRPL37,24272.419859746027
HLA-A,24251.668899429947
DNASE1,24191.609352999894
NDUFS5,24181.960521099612
SLC35B1,24148.460678304364
TUBA4A,24067.484942517578
AZIN1,24036.171585580913
PKP3,24022.638059956585
DSTN,23996.583133979453
POLE3,23975.064248902992
SUPT16H,23940.948204448257
GPX3,23939.551843396686
MRFAP1,23932.16093666697
RPS16,23910.062089046238
UBE2S,23877.949790165803
EIF4B,23863.837026506084
ATAD2,23858.67874181513
MAP4,23707.822126228566
PRDX6,23676.64329555863
G3BP1,23662.118942490375
STT3A,23586.323923830863
TROAP,23541.268628764377
RAB1B,23517.47642612059
RTN3,23516.97204489221
EDC4,23516.497682938527
ABHD11,23514.003403824845
PRICKLE2,23482.733517422374
PSMA4,23477.690238267754
ST6GALNAC2,23426.846335762024
PTGER4,23403.04517928187
CNPY2,23298.878842972936
SHB,23293.909614096487
THRAP3,23265.437890448808
SPDEF,23252.126105559622
CCT4,23204.5068281547
S100A13,23201.869096277653
KCMF1,23195.65803179636
CLIC3,23165.857668174947
IRF9,23157.321859663996
CAPZB,23149.832173663446
PARP6,23141.476057031152
DDX27,23139.86375131574
NR1H2,23123.167990376343
TNPO3,23119.67669131819
ECI1,23073.750673246483
PCCB,23062.812721282804
RPL36AL,23037.698905034624
GLB1,23026.934110699513
NR3C1,22967.76076169124
SLC9A3R1-AS1,22914.753188522714
DPAGT1,22899.949913195633
EPAS1,22851.68410044694
NPLOC4,22840.80584528314
FBH1,22819.376184161978
G6PD,22817.61591458995
RPL11,22744.40800787391
DIABLO,22726.453747624848
INPP4B,22663.201454485796
DDX23,22659.701516000696
ATP13A1,22641.98370538461
MDK,22622.283952811216
TGOLN2,22598.605921835067
FADS1,22534.683239238355
RUSC1-AS1,22463.641450111365
SLC38A10,22447.840895110257
SAP30BP,22444.79869588397
RECQL4,22401.93337252066
KIF2C,22398.62626276429
IFITM2,22372.714693860842
MCM6,22367.118341011264
SHMT1,22363.735171489894
HPCAL1,22346.860743920286
ZER1,22325.65569422993
H1-10,22293.331414979577
AMFR,22271.572170655993
DYNLL1,22262.94346096536
EIF4A2,22262.716853717553
YIF1A,22252.59520457122
PPP2CA,22224.68222765984
MATR3,22198.631949475737
FNTB,22190.11965332931
PALLD,22173.934220059335
AMZ2,22117.879458122014
PARP1,22050.369390182215
PHKG2,22016.28560687872
TAF10,21978.35826281904
IMPDH2,21975.950131915306
MT-ATP8,21970.752532363716
PREB,21942.194797205822
SF3B4,21903.28008420709
AKAP1,21888.140048938527
SRXN1,21879.134758656477
DTYMK,21860.790179486852
CCN1,21830.753530272144
SEMA3B,21815.03431164821
CDV3,21777.681926920286
RPL5,21773.272210298965
RNF181,21762.927508099478
FAF2,21761.479952975285
UTP4,21751.63938594456
HARS1,21742.24508905996
FOXO3,21654.379615326758
CAND1,21636.174510956494
COPZ1,21623.208234795573
SPATA20,21607.811080885287
SDC4,21598.088964225666
ZDHHC7,21571.616105969653
SNW1,21489.965414952225
SPR,21474.951690292957
HMGN1,21472.916175686572
SNHG29,21440.680368542657
STAU1,21412.198064330925
ANKRD27,21392.13268081967
GRK2,21322.85306139188
HNRNPUL1,21309.965633671898
RAMP3,21306.106871898653
AVL9,21303.449004142018
DAPK3,21246.853553511126
MRPS12,21237.93724112478
MIDEAS,21232.732396484076
NUDT16L1,21220.52256230093
SLIRP,21191.65677415827
SLC12A2,21187.922081117664
GGA2,21166.8273618307
IK,21146.53028583926
ASCC2,21130.768457889626
POMP,21032.95122551366
ISYNA1,21024.580208603882
NOSIP,20991.65922108457
SEC16A,20966.77593536832
CLN3,20923.459789755714
PRMT5-AS1,20889.444274329137
FADS3,20877.311607179487
ATG9A,20836.38437247959
EFEMP1,20805.160649597412
HDHD5,20792.416073161723
CDIPT,20767.733585772283
RNPEP,20753.67305510367
SLC44A1,20746.13374707803
QRICH1,20726.421418123668
SDC1,20718.836384017086
UBA52,20706.149016444993
KIAA0100,20703.581985701207
SPRYD3,20698.009473295664
DDX39B,20689.877065875622
ID4,20656.998373272407
PFDN5,20652.600727242898
HBP1,20612.385561767805
TPT1,20596.915246127974
CCNL1,20593.133788088016
MRPL49,20589.42383771002
IMP3,20563.35257610763
AURKB,20501.25726901149
DDB2,20489.169603433907
RUVBL1,20478.33506486403
RPL36,20463.143972222588
SLC25A10,20459.95725397458
ARAF,20452.56842508169
ILK,20351.031919401805
GPRC5C,20350.573086544628
NME4,20299.183150383444
NCSTN,20277.843465066395
PHB2,20238.137615682215
IP6K2,20233.78117097042
MCRS1,20175.222547263966
MRPL57,20130.266755977205
CDK2AP2,20096.168140746104
SRSF2,20092.160471887695
IFRD1,20083.076784274053
ABHD12,20077.089907454236
ATP5MF-PTCD1,20066.64514100584
ANKHD1,20052.504053148863
PLOD3,20037.719396333723
CABLES1,19963.057400243353
YTHDF2,19940.93361858024
NUP160,19859.896928355633
ANKHD1-EIF4EBP3,19839.284185200875
LAMTOR1,19834.081473076996
ALG3,19831.79869588397
ZKSCAN1,19820.092696130025
MGLL,19811.084384782567
IDI1,19798.256284772997
COPS9,19781.539718125026
SGPL1,19713.691919675213
EPB41L5,19713.088608806233
FHL2,19712.864598854463
CDK16,19673.003649884497
RPL41,19656.791819884365
CYFIP1,19628.50608997579
ACSL3,19619.82763523025
IMPDH1,19602.075280576308
FBXO42,19582.026998209254
USP32,19580.614793651668
SORT1,19560.030470383972
NOLC1,19520.72307355819
ZNF574,19507.030484053994
LRRC59,19495.066805189115
RAB4B-EGLN2,19453.48182576246
SMPD4,19443.413790275168
RHOV,19441.54740065345
SLC35E1,19420.23215725946
SNX27,19417.473336705247
GPS2,19414.30341886184
SCAMP3,19399.384768909
TARS1,19380.367954834397
ATP5PB,19371.57713285852
CELSR2,19297.63007668859
PSMA3,19283.589613549684
NOP16,19258.82637759218
RNASEH2A,19216.938471422873
NOP10,19216.840102251434
MTFP1,19177.479788935518
SAP18,19173.659221084577
RAB8A,19158.184326001654
CAST,19148.522644320827
DUS1L,19068.58358508876
COL18A1,19065.215206485056
MRPS7,19060.043320164594
THSD4,19031.799502412712
POLR2E,19030.069416155166
ARL6IP4,19028.189766653453
MRPL14,19006.033054010084
DNAJA3,18968.230981641213
JPT1,18957.374229354908
THSD8,18937.608942900515
ALYREF,18936.60724782304
ETFB,18926.60109633235
NAXE,18902.538979946126
RPL35A,18876.178570940352
MTMR14,18840.86741487019
ZNRD2,18823.855535658146
DSG2,18794.390893059735
NTMT1,18776.57664073928
ELOVL1,18755.88280726695
PRDX4,18753.096810793795
SEC23B,18741.19362158765
PSMD11,18740.761609229987
TFG,18739.73279291347
SMAD3,18737.815099859195
SHMT2,18732.14395855264
MAN1B1,18728.238527469817
PSMB2,18652.596489549305
FNDC10,18623.472844586046
CIAO1,18614.704031276935
NPEPPS,18614.56137137233
RFC2,18602.289625852663
GSS,18600.882479187418
UHRF1,18590.292523888354
MMACHC,18573.888548658288
NDUFB7,18532.95412354927
SIN3A,18500.020901398435
ANXA7,18494.91829453336
SLC25A29,18479.301313685
FIS1,18477.59136330706
ATG16L1,18470.835181058872
SPNS1,18452.88063374023
ATF4,18422.89558869764
TUBGCP2,18421.422826131544
RAD23A,18408.33809959948
RPL38,18404.62993998879
TOX4,18384.229628313253
RPS23,18375.9474115894
PSEN1,18362.769619837865
TSPAN3,18360.751110685822
RPS25,18356.075759025607
ODF2,18343.36975927165
SERPINE1,18314.16711549802
HDAC3,18267.852979372008
RBBP4,18252.64976145887
C11orf49,18241.97308381063
SRP68,18235.304375760406
PTBP1,18214.709745328284
BZW2,18214.49250201633
BHLHE40-AS1,18195.802687517964
CTBP2,18152.816466857137
PSMD1,18133.22470712068
MPI,18109.2558883436
NEDD8-MDP1,18107.56041447378
MARK3,18088.919989610815
NEK6,18073.031181222923
EDC3,18054.843000287085
SNRPC,18054.67928861428
MTMR4,18045.184927480772
RPS6KB2,18039.929298866795
USP3,18038.68934971907
KDM1A,18037.125804820032
CAPG,18020.61786939702
NARF,18015.73276557353
RSL1D1,18007.021953986852
PRRC1,17986.86926031742
ANLN,17969.85675228629
DPF2,17948.33064946072
PYGL,17868.71783795605
ACTR3,17850.261438355225
NFIL3,17849.98674012003
CHMP2A,17849.18484546089
NUDCD3,17825.190122072898
MKI67,17799.960220360033
SH3BP5,17770.118723770727
NOTCH2,17752.161674845913
RHBDF1,17719.043005755015
FLAD1,17712.538474156918
TBL2,17702.93491722826
GAPVD1,17702.32779243503
NRCAM,17700.777849165428
MMS19,17689.333424466557
CSNK2B,17685.10267521496
SFXN2,17674.692548494182
GTF3C2,17662.657799406727
CCNF,17652.28810848491
DHPS,17649.958935382023
RACGAP1,17642.73733134661
H2AZ2,17631.32259784287
DNASE2,17624.296802591834
SRI,17623.39820649869
SDF4,17610.588943720682
EMC3,17580.459994805413
HACD3,17567.006534250133
SART1,17561.961792407692
MZT2B,17549.30717810615
DNPH1,17537.208029745874
GRINA,17533.55617678018
RPA1,17523.15304908889
KLHDC2,17520.820444821118
COG8,17509.033341079652
TMEM132A,17478.638360696055
ENTPD6,17436.447883203717
SNX1,17423.07182207153
HSD17B10,17422.017770973165
MRPL27,17405.32607001763
SCYL1,17401.142577884708
SLC4A2,17368.616885158513
MYD88,17359.58819187184
ESR1,17350.493048815493
PPIC,17343.90837012835
LAMA3,17341.12292045429
SERPINH1,17295.431738958083
RAB6A,17285.648285101102
IGSF1,17266.622407830164
RPL34,17214.992467841377
ZNF331,17200.477533388923
FUS,17187.608409771292
SMARCB1,17176.31496999438
VAT1,17149.263242792484
ABCC1,17143.01772996326
SSU72,17137.19308845843
ZNF217,17098.85087419518
KHNYN,17071.487635503687
LPP,17050.873074241663
HAX1,17041.008092627802
YBX3,17025.28292756278
FLOT2,16974.239087938993
IVNS1ABP,16942.936831025385
PITRM1,16913.28846390441
CXCR4,16912.939783741065
CCT6A,16909.401965743044
ATP6V1G2-DDX39B,16885.62108184215
LRRC41,16873.893428840915
POLG,16862.505119407302
H2AX,16834.809987286855
MRPL4,16827.878665263248
CEBPB,16819.354161825213
BTF3,16817.94093201921
INTS1,16805.55843232672
DHX9,16802.794704249998
EMC4,16795.312796467668
DPP7,16783.073079709673
SPTAN1,16781.944117124367
PTRH2,16779.365740297726
KLHL24,16766.08427542273
TARS2,16758.35622599206
MARCHF6,16742.453528905175
MSX2,16742.336322502124
KDM5C,16725.503902779088
ARHGDIA,16725.314969994404
CCNI,16720.635831749896
ACAA1,16705.85370388093
TTC39A,16677.09672877392
ARHGAP1,16673.402102442826
RPS9,16662.539007286086
HNRNPR,16650.356472051742
DEF8,16644.566606974426
IFRD2,16640.610022828838
EFHD1,16635.519226825956
STOM,16630.516315120352
GOLGA5,16626.31034954139
RALY,16606.844736374445
APBB2,16597.633507853403
ILF3,16595.961095238737
VTI1B,16593.685768184507
FBXO21,16581.76083004116
RAB40C,16581.175344825253
PIK3IP1,16579.863491586075
SLC19A1,16573.7904118765
NCAPG2,16571.16685576802
PCAT7,16541.72396210681
VPS4A,16537.4276242943
KCNK6,16516.80041830135
RER1,16509.901753858358
WDR61,16500.61056962803
MADD,16444.5648162071
VPS51,16438.12412341257
GIT1,16435.034338988145
ATMIN,16429.85772285483
SMARCC2,16409.15951498911
CAPRIN1,16404.59446639234
GNAI3,16382.837368255598
SHKBP1,16375.00825666756
MAP3K1,16370.928943447316
SSH3,16366.038768061442
NPNT,16320.918677292757
SNF8,16315.04858310664
CERCAM,16307.557092668752
MED15,16297.401733353407
ABCG2,16287.697825106232
DARS1,16279.676636638264
NDUFS1,16262.816289147411
IDH1,16256.155372985402
PTK2,16241.360231296047
DNAAF5,16227.708966139468
TOR3A,16216.839760501975
RPS8,16213.747324101543
MXD1,16193.019766790167
CPNE1,16188.111861441093
P4HTM,16139.619236394943
MOV10,16127.643008489093
CHURC1-FNTB,16120.917241944951
MYDGF,16105.773693491732
DLG5,16095.244173171312
SMS,16087.289038043546
CCDC124,16082.967479119105
TMEM208,16069.350129181314
GRK6,16062.520921903406
KLF3,16057.501770262332
DBN1,16053.216846882568
AIMP2,16042.800678030962
RPLP2,16030.760173882143
ITPKC,15993.289420802977
TAP1,15975.106817218732
SPG21,15958.410536820107
ERAL1,15953.807745410286
RPS10-NUDT3,15939.580413653564
RSU1,15936.845501893278
POLD1,15927.844175905362
ATP5ME,15906.869711426725
ASB6,15866.118409361188
TMEM109,15829.773953221335
SMG5,15817.591240277248
EGFL7,15799.03156398237
BRIP1,15795.376074802101
CLTB,15783.796905116673
VPS52,15781.171298511303
LRP4,15780.056046915242
TSPAN13,15777.189766653468
HSF1,15765.69686820774
DCTN2,15744.413380175787
PSMD14,15724.855139228759
NET1,15718.616406709221
ZNRF1,15691.41433707435
RRP12,15654.716525638047
ZFR,15610.45955736607
MRPL51,15591.842713217507
BOD1,15588.852719642393
MRPL10,15587.426257296358
MXD4,15556.39372274549
ADCY1,15524.963227755492
NUSAP1,15459.680505242479
CPSF1,15457.53662870969
LAMTOR5,15439.63595477974
GADD45GIP1,15411.99874236189
THOC6,15411.237734611022
PIK3R1,15407.699492843763
PNMA1,15373.004497423217
OCLN,15362.211105491227
C3orf14,15353.35652673164
SHISA2,15323.248137465282
PCDH1,15312.250434021807
MSRB1,15279.232512678907
STRN4,15275.981668557679
EAPP,15268.745164244778
NCBP2AS2,15246.994436318393
PES1,15219.156548603614
HNRNPA1,15209.690511667328
RPS15A,15199.628039861665
NUPR1,15190.957623063874
TALDO1,15187.29267425807
SMC1A,15162.317621970411
CAPN2,15150.466583735473
ACAT2,15147.951129823807
SLC20A1,15135.28206635407
GOLM1,15116.314751274746
PTPA,15101.138053121538
BMP4,15070.90107035935
TPD52,15038.727092532092
GCN1,15006.01082662365
ERMP1,14990.45579812172
COX7B,14976.375555342911
CYFIP2,14973.484163328912
VANGL1,14966.446461525846
SELENOT,14939.888179568854
BRMS1,14937.378877147918
VAMP8,14911.318701898743
AP4B1,14901.768047790249
RRP1,14901.169945183394
CENPT,14881.744549095707
ABCB9,14877.668653370334
HMGB3,14876.300999275489
MLST8,14872.405424247794
ESRP1,14866.854496739697
RANBP1,14852.578376826636
MRPS2,14848.419299276844
NOP2,14841.111970800937
SFXN3,14817.454103044332
THOC7,14816.001325987987
ABCC5,14796.523245799894
UQCRFS1,14794.630199718416
CSTB,14792.390305250638
KPNB1,14783.724932675348
PEF1,14777.150069033385
MISP,14764.094186157763
OAS1,14758.172747529035
SERINC1,14743.108580646054
RPL36A-HNRNPH2,14740.701187921215
PLIN3,14733.627575082344
BRD8,14723.506541085135
FAM50A,14713.098820280791
EGLN2,14700.497518898734
TIPARP,14687.184079942037
TGIF2-RAB5IF,14666.91207469276
ACTR1A,14665.624882096417
GTPBP4,14632.967697838778
YWHAH,14630.135811244925
LTBR,14623.650636337556
TSPYL2,14617.608970240517
RAB32,14613.899744371412
COX14,14607.486541905297
STX3,14554.404357989439
GAK,14545.436017661606
LAS1L,14535.651360846468
ACTL6A,14510.202493404224
MCM3AP,14504.637854906836
COX5A,14500.444096619409
TMEM45A,14497.496589340193
TADA3,14450.745574344177
EIF3K,14423.676964717779
MRPS26,14420.58865665113
DHX16,14377.719122934102
TLN1,14355.334682104627
FOXP1,14339.658947685004
WFS1,14337.563913988502
CD47,14324.513157355132
PSME3,14315.604964936494
NAPA,14301.736825557391
GDI2,14295.850354735967
PODXL,14251.330676800673
TSTD1,14241.12339890367
PIP4K2C,14236.617377277742
CCDC159,14217.132954219212
ATP2A3,14205.444944158138
FBXO7,14191.646685713502
AHCY,14186.6955695597
MYO5B,14177.33946659741
NCKIPSD,14170.179022049708
SUMF2,14156.731836014937
CHID1,14145.909996855924
PPP6R1,14129.19740817192
CCM2,14128.367216655524
DVL3,14097.540497313841
PCNA,14069.794772599911
NOTCH1,14062.114923516508
BAG5,14058.038316952126
SCAND1,14053.738862384338
RAB5B,14038.860798600188
HSD3B7,13991.817806515099
EPHB4,13985.548589941629
KHDRBS1,13983.481880442356
ATP13A2,13980.241931294708
IFFO2,13959.921643678392
NUMB,13955.878036444175
HELZ,13939.947616639109
PPP1R14B,13920.263242792496
ZNF207,13886.6388801553
VARS1,13867.825407023642
ITGB6,13860.076018755211
BOP1,13849.702527579178
RBM42,13849.358481538684
MRPL9,13843.318387489237
SREBF2,13838.803494046717
ERCC3,13833.837668995142
USP36,13807.468292482887
TERF2IP,13802.786857681844
DSCAM,13775.009692015343
TUBB6,13772.628819050482
AP1G2-AS1,13763.389567071772
RBM38,13753.723757057143
ADD1,13746.059519090137
DHX38,13735.81899580332
ECPAS,13719.392273727655
MRPS11,13684.6010553224
LRRC8A,13664.417740899207
HIF1AN,13658.566771014184
SETD5,13654.929134827014
MB,13622.003144095279
RPS29,13605.721815920067
METRNL,13600.214550326034
PPP1R3C,13597.821128320033
CBX4,13591.568384071756
SOX9,13590.14004893862
ADI1,13576.514141593643
IVD,13557.846759531381
MLXIP,13537.019438710646
NECTIN4,13529.558309296985
NCK2,13526.4345002939
SNRNP70,13515.718412095199
DHRS3,13508.105928670013
CD44,13484.182220824814
BIRC5,13476.0267248096
WBP2,13471.939154921865
RGL2,13470.467458614146
PTPMT1,13445.041255997709
RPL10A,13434.512760925725
NBPF1,13418.57465859226
PITPNC1,13407.549738219896
H4C8,13397.290432381393
ATXN2L,13353.37096222983
MCL1,13347.562013861365
BSDC1,13343.972632701318
BSPRY,13337.829795087022
NEBL,13328.15292605908
ENDOG,13311.32360942135
VEZF1,13310.868125709141
STXBP2,13299.294000246044
ZNF263,13292.762320068907
PADI4,13290.568958210815
FAM89B,13286.595833390298
ACOT7,13284.637157737878
TKFC,13282.762456768674
IRF6,13273.366560496532
BID,13240.115825735103
SSNA1,13204.342774732402
PAFAH1B3,13190.36031331592
GORASP2,13178.031591322293
MRPS18B,13168.841564939245
TMED1,13163.641163041839
OSBPL2,13156.447309064557
GTF3C5,13151.120022418778
ZNF622,13147.810629775955
ABHD4,13145.711645455413
HMGCR,13144.345823137808
NPTN,13125.183082033549
MRGBP,13088.266824327096
UNC93B1,13087.773980561278
LINC00963,13084.589627219688
PCMT1,13078.978128033024
DDX54,13076.869711426743
PIGO,13066.332112148513
ZNF410,13058.438874687292
NAA10,13057.666015064315
KIAA1191,13057.517641108363
AKAP12,13046.70586305422
SRRT,13036.447869533722
EXOSC10,13036.418766147644
WASF2,13012.60645496426
ARPC3,13009.085751780516
CELSR1,13008.826240892435
PGAP6,13003.448252293114
TRAPPC4,12975.684715596077
TTC3,12961.799898842162
ATG13,12959.876614766303
TMEM127,12950.375377633187
EIF2S1,12945.77806788512
BCAR3,12936.802837887673
RARG,12935.815646658371
EHMT1,12907.536095580506
CPNE3,12893.40751575465
NCOA4,12883.960808169173
AGBL5,12872.63441007204
FPGS,12870.62376115811
CUTA,12868.576982488765
EMC1,12856.621177532023
NRDC,12850.960179350132
SLC9A1,12840.152994408983
DPM2,12831.289625852649
KCTD11,12827.252265799087
RBM15B,12823.714598170935
CLSTN1,12805.95531283748
PDAP1,12805.005741391336
VPS35,12800.38851448335
TARDBP,12800.231665140185
CD81,12787.487922573246
POLR3H,12780.355501483187
PRKDC,12773.019466050615
C8orf33,12731.737345016614
HAGH,12724.499842795241
AP3D1,12714.338372999062
RAB3D,12708.942189657308
ZNF160,12681.239443358443
DALRD3,12677.129003595193
GNL2,12661.240974396145
C14orf119,12660.402471532265
AKAP17A,12659.010102114747
PACS2,12656.803658086477
NFX1,12651.205705849388
EIF3G,12646.841182179836
PDHA1,12638.641340751565
CCND3,12637.142482194891
MAP3K3,12625.09778136234
DDAH2,12624.225581999364
PCNT,12623.140103618454
AIF1L,12622.323978510793
PRKCSH,12618.98848987739
CHMP4A,12591.097166213278
EME2,12581.324238240406
MORF4L1,12577.244706300502
DAXX,12575.036539854826
LARS1,12570.032370511126
NUP62,12560.521181633008
KAT7,12554.59639385945
MFSD11,12552.38851448335
GRSF1,12551.881221549354
CSE1L,12524.684674586142
YTHDF1,12508.423960739818
PLAUR,12496.475975011259
SDHB,12494.831995953684
PDLIM1,12489.448785422335
B3GNT4,12483.404440009295
UCKL1,12479.161538146065
IRS1,12472.290992850605
SPSB3,12470.520238404451
VAPA,12469.04348420434
GPT2,12466.004852842667
VAPB,12459.912320752414
COA3,12453.543928478679
PARD3,12445.97373996965
ABHD16A,12445.06001120937
CDK10,12436.284855029844
PNPO,12434.046682979526
RCC1L,12423.625921014853
SNRPA1,12416.558172597162
AP2S1,12410.976104876085
SPATS2L,12404.131983650688
TBX3,12397.570981367773
NIPSNAP1,12360.243311962602
DGCR2,12342.834032780604
FKBP15,12340.978401432607
ZDHHC16,12337.891501373839
PSRC1,12302.119147540061
SPIN1,12286.403018331433
DGKD,12244.315776523197
FKBP9,12240.661968750434
SMG7,12239.310144491707
TINF2,12231.675666069756
NAPRT,12227.636747638528
G6PC3,12204.398958347545
RCC1,12203.867209820508
FASN,12194.952647191521
ZNFX1,12192.61959181441
ACSF3,12180.499487375824
TNIP1,12178.963911254505
RAD21,12171.159665358904
DHRS7,12163.547879102704
PIK3R2,12144.664730086266
ZNF84,12127.980738999087
HINT1,12097.213894167013
ANKRD39,12090.801033450436
SURF1,12073.0835235739
COG1,12058.745574344195
PIGS,12041.147198337727
NDUFAB1,12011.297240031146
TP53I11,11984.339931376708
MPG,11966.793282572138
EIF2B5,11962.63231856519
CBX2,11961.78523095429
SPG7,11942.235178324874
QARS1,11937.461088403761
RAB1A,11926.488141292915
TSR1,11921.386696376094
TRIM16L,11907.075868385435
DCTN5,11884.026902519365
SNAI2,11883.23758424121
MAZ,11882.543244979708
IPO9,11864.601123672295
EPRS1,11863.728842289447
MPV17,11862.148510655756
QPRT,11851.840854100308
DNMT1,11846.940590269714
PTDSS1,11818.787664210637
PLEKHB2,11815.101923366086
FASTK,11814.153158448724
RPS24,11795.377687859691
MEST,11792.458983226928
TMEM11,11776.504353888418
SYBU,11761.03595204574
RAB22A,11757.825461703555
NDUFAF3,11753.605703115387
RGCC,11747.637827566845
GNA13,11740.925908711884
MAT2A,11735.571213757461
KCTD5,11703.974915587878
KCTD3,11698.739176793839
CAPZA1,11697.476508140464
FAM234B,11687.762620808448
MUC5B,11682.116700613837
TRAPPC6A,11675.515781991162
CA9,11665.641163041839
UBTF,11662.523163780013
ARNT,11639.070509753528
PAN2,11615.236408623014
FAAH,11604.499118286358
TACC3,11602.378207318894
VASN,11601.048924856133
AHR,11597.5494101404
DHTKD1,11595.874031140209
RDH13,11569.945347422541
DDX1,11566.933399860562
CDC25B,11559.740147362369
GNL3,11553.75251869371
PI4KA,11550.495167662299
ERBB2,11531.284390250574
HPS1,11530.197681571506
DOLK,11518.292605908142
MYOF,11516.248533894708
CLIP1,11515.42538241767
TBX2,11479.695405519931
TMED4,11477.335488633382
DHX15,11460.303965661009
MRPS23,11460.275983213267
LONP2,11443.934958238207
MAPK1IP1L,11429.338755758477
UQCRC2,11422.035719656065
NAB2,11419.20372370237
RPL27A,11414.518461307125
RPSA,11389.313808046158
ERP29,11364.142714584503
MXI1,11360.603611608558
ZFP36,11335.331196259891
PMF1,11321.949243366642
TSPAN31,11303.012631060921
CHPF2,11294.604691536912
CLTA,11283.60979043922
GOSR2,11275.723237597911
PRKAB1,11271.657307287458
POLR3C,11268.79515535931
SPATA13,11186.097084193421
GFPT1,11183.946167621287
LBHD1,11182.367038945762
TSC2,11162.96043907973
ELOVL5,11160.615545500514
FBXL6,11149.732669883659
NOP56,11147.628778040551
TRAF7,11143.045808100831
KMT2E,11138.908739217793
OGA,11127.188440665454
PPRC1,11112.653958142522
SDR39U1,11098.015269366948
WRNIP1,11095.165023990805
PIK3R3,11072.883641135686
VPS11,11058.584733367072
AP5Z1,11020.315216054018
SULF1,11016.196164203766
TUBD1,10996.245225759718
MFSD5,10991.488647082124
MAPKAP1,10979.680505242444
TMEM248,10977.909655106421
RNASEK-C17orf49,10936.778450644535
HIP1R,10904.32274821268
TMEM214,10898.08176014652
ATP5F1D,10868.506322365463
GAREM1,10866.773529452012
SEMA4C,10865.730933796278
ATF3,10857.08199253622
AAAS,10855.16520170056
NOP53,10846.950788074331
CALCOCO1,10846.673424193137
HYAL2,10829.525966125793
SLC50A1,10824.608464451223
EIF2B2,10817.910570995042
MYO10,10807.376443891566
CGN,10801.546238705187
ZC3H14,10794.5443112381
NDUFB11,10793.4789413968
TAF9,10790.853020381937
SEPHS1,10757.172077700161
CNPPD1,10741.49620658073
VAV2,10739.581097152563
MPZL2,10737.445504627269
GPSM2,10729.22558199937
PPP1R3B,10725.338974478174
CSTF2,10722.684360176625
STRBP,10715.920604759887
TNNT1,10712.93613385644
ELF4,10705.62246251009
PAICS,10699.243722061981
RAB11A,10697.923489125544
SLC10A3,10689.406750235812
MRPL55,10684.678933194811
CCAR2,10683.897557174692
DHX40,10673.522876710447
SYNCRIP,10671.978210052897
LIX1L-AS1,10669.01789400298
CKS2,10666.029855234932
MDM2,10664.12297513431
SLC29A1,10662.401747023341
DPH1,10644.408923762534
GSE1,10643.475592251854
SF3B5,10643.272757098144
ENOSF1,10638.78680300192
RPL24,10636.182261834789
CDCA3,10633.268464724606
MED13L,10632.987519308854
ARHGAP35,10631.87653274645
PVT1,10630.834196820362
MYO5C,10629.589408500004
TCP1,10617.334449714981
CNNM4,10616.730181947436
SBNO1,10611.130808032478
TPRA1,10608.588834360862
MRTFB,10596.272087269139
TMEM219,10575.608546471085
AIP,10569.712028214844
SS18,10564.821743469167
CNPY3,10552.191502740823
MRPL42,10550.769319098326
FMC1-LUC7L2,10544.706478203216
TMOD3,10540.58780911242
HARS2,10539.36023129604
ATP6V1B2,10538.287014886619
HDDC2,10515.491859527285
ABCF3,10513.663663827876
AIFM1,10506.052014271454
RMND5A,10502.522781020598
EEF1B2,10501.192733038968
MGAT1,10492.38176151353
EIF2B4,10488.915478517627
LRP5,10488.250967151023
AKR1A1,10481.362213443072
ABCF2,10479.791929244202
MSH6,10464.805940973027
RFX5,10457.443467800353
CYB5B,10444.096031604984
PLXNA3,10442.327177285964
MRPL38,10431.958005823426
PPP5C,10429.486582915253
HSPE1,10428.068213197006
STX16,10414.100720407923
CHTOP,10406.961395978286
GLE1,10401.23688707229
PAK2,10387.596161469804
HMOX2,10377.77008461717
WWP2,10375.81497682938
H3C4,10367.800828400772
KBTBD2,10364.123576613401
SULT2B1,10360.91170560332
PIAS1,10358.301887824151
HTATSF1,10352.080338468688
NELFB,10334.028611266785
MON1B,10328.750823616254
CREB3L4,10324.349445682332
RIMKLA,10304.119762689188
GFUS,10299.936653315654
RSRC2,10299.19058685227
MROH1,10296.672439954633
LSG1,10295.014667887848
RELA,10293.730441677031
CDCA5,10291.75690675707
SNU13,10279.319877516986
WDR59,10273.008612087018
NPDC1,10272.187087337492
SYT12,10243.77255888343
MED29,10243.355023033926
RPL36A,10242.658537585612
FN1,10232.127144478038
TIMM50,10231.466036936288
CHMP3,10227.790726285997
TNFRSF1A,10221.340792585384
EHMT2,10209.235383374578
VPS28,10201.148784055342
ERG28,10180.024428253111
ATG101,10174.644935956161
MED16,10172.060927097991
SMG8,10158.732751903552
SORL1,10153.224707120728
H2BC5,10149.496343280514
SRD5A3,10144.362541522556
SRPRA,10130.449865350698
NDUFC2,10128.101280877063
UPF1,10098.437781088964
EIF3E,10089.97160745287
PSMF1,10085.222875343454
CYREN,10081.11805394175
ABT1,10060.213292687933
TRPC4AP,10058.498626167071
DNTTIP1,10054.791929244187
NCOR1,10051.944636583601
PCNX3,10050.587686082572
SFPQ,10047.750427186857
PPP1R12A,10044.178912689837
PLPP2,10037.854647109478
CD24,10025.26962667286
LUC7L2,10019.88597870217
SIKE1,10013.018604841905
TXLNA,10006.64682241329
YPEL5,10001.998004183024
POLR2L,9999.95534017745
DARS2,9976.084070373043
VAC14,9971.133774417998
UBE3C,9968.784451765465
EIF3H,9966.319932196904
RRM1,9965.829467007514
SNX2,9947.15425204708
RPL17,9941.100529028205
RPRD2,9940.603693628418
GALNS,9939.960575779536
SLC12A7,9920.783303487246
PHLDA2,9911.16207127527
SRSF1,9910.514524353075
FANCA,9904.72054461196
SF3A1,9904.495659781562
TCEAL4,9897.969406586186
UBE4A,9878.704263666566
MVP,9877.693026943536
SPOP,9874.517354038793
CD164,9873.45609886129
LARP4B,9870.46916736156
PPP2R5D,9869.180512077428
KIF5B,9868.120405178182
ENSA,9867.643199868775
PCAT1,9861.008475387216
COL1A1,9857.343676951006
RPS10,9855.87032657581
STBD1,9845.858994162907
UBL7,9835.15747816222
TMEM258,9834.778026875187
LAGE3,9828.282531133375
MAP3K2,9827.455374352387
CPE,9819.82830505929
KPNA1,9809.624841086492
WASHC5,9805.736839227384
GEM,9802.627944171814
EI24,9795.927904528851
MGP,9790.732738233537
AAGAB,9789.231528440396
CTSH,9788.52870012168
HEY1,9783.219211789059
POLR3K,9773.785941793229
MEAF6,9773.104780391777
BASP1,9769.114745806746
AP1G1,9762.566251554954
NTN4,9755.402034092927
PDK2,9753.922067447687
SPPL2A,9751.979768430543
DNAJC14,9751.044044673481
CHTF8,9742.54153623228
UBL4A,9730.830574275842
PRR11,9729.452585676603
XPO5,9720.900127130815
CYB561A3,9716.167840006527
BECN1,9702.67160608587
RNF130,9694.591828086339
ARIH2,9688.015378726785
GBF1,9678.764671305338
EIF3M,9674.49862616708
LAMC2,9651.476617500291
ERI3,9651.437206949819
PRPF4,9649.222765983617
BLNK,9647.460705644284
AKR1C2,9633.200880346682
SLC25A5-AS1,9624.139324429621
NUP93,9622.211857340122
WDR73,9620.45717878967
CDK9,9616.878323513729
FAM102B,9611.849520867214
EXOC4,9611.657676376899
POLR2I,9600.825393353662
PACS1,9588.30907823329
TSR2,9586.778163574978
TM7SF3,9583.40141894385
TIMP1,9582.879007012694
GATC,9576.978141703008
APOLD1,9573.664593386467
PIP5K1A,9571.887291020192
SGSM2,9555.08543737101
NSUN2,9547.574603912337
SCNM1,9547.352275368065
BUB1,9546.208275805518
RPS20,9540.070291033868
SHC1,9532.058685221384
WAC,9520.798846253743
PDCD6IP,9519.66266591937
CREB3,9516.399833226249
DCAF13,9481.348010334506
CNDP2,9480.745027545
TOR1A,9478.276106243084
ANKRD17,9472.846827881298
NOTCH3,9472.075485626003
HEXB,9460.316856451553
GMPPB,9450.910625674944
SUMF1,9448.773597801868
ARFGAP1,9445.727817041003
DDX47,9439.930392465114
TNFAIP1,9434.01227564146
EBNA1BP2,9432.689691468566
SURF6,9425.217995160827
BTBD2,9414.37731877024
STAG3L5P-PVRIG2P-PILRB,9414.05224666112
MAU2,9407.062977594907
NUDT5,9405.167416237204
CADM1,9397.06772107773
PIMREG,9394.391330499077
EPS15L1,9392.83937774253
ZFAS1,9384.073038699717
RETREG2,9378.151572731118
YY1AP1,9375.590078328985
E2F1,9375.048405396961
CTCF,9358.099462769811
CYTH2,9351.29133460009
DDX6,9343.258157560185
UNK,9335.172720189188
GMPR2,9334.396798490834
CYBC1,9329.632714994606
ANKRD11,9326.123891022926
GORASP1,9320.541918991696
GSTK1,9320.352275368079
COQ9,9318.756523997654
ADPRS,9314.975558076907
DNAJB6,9312.03612975544
POP7,9310.846281082113
MYO1E,9307.942859486267
TAF6,9302.940549259778
UBAP1,9296.638634095658
ZNF706,9292.866020532307
E2F4,9289.89542465791
LRATD1,9283.936188536376
CUL7,9278.873429661131
DPH2,9277.039793309932
XYLT2,9262.843533416277
LYPD6B,9257.02958183534
SLC35C2,9253.671510396014
ELMO2,9240.435990321634
RPS27L,9227.916216696514
PPL,9219.580837422956
PPIE,9218.583639768707
SDF2L1,9215.779065793602
CD151,9215.542739190469
CRKL,9211.623392068674
POMGNT1,9204.496507320251
NUCB1,9203.224379041194
KLF11,9202.234576845785
SRGAP1,9198.092696130027
ZNF3,9185.760802701192
WDR18,9183.475783631573
TMEM87A,9177.755389389358
SCRN1,9172.442729621485
THAP11,9151.363375391296
RIC8A,9137.273385917197
RBM10,9128.699492843769
MAPK3,9124.956611485519
NUP85,9110.190286112678
GALNT2,9107.086052520055
CHD4,9097.363730810785
DDX49,9097.023361994732
LGMN,9094.053449619278
MCMBP,9090.419982775822
TRAPPC1,9089.285921288256
SLC25A38,9085.07094719288
KANK2,9082.144231952216
MFN2,9078.320943775374
SERTAD1,9073.741104260935
SRPRB,9069.171599250882
USP22,9068.696307738579
DST,9068.423796700072
EXOC7,9067.579060325625
NDST1,9065.583339029168
SEC23A,9061.57996254425
CYHR1,9059.542506800817
REPIN1,9055.106311429476
NT5DC2,9047.440856834286
P2RX4,9046.934110699498
HNRNPH3,9045.634970541187
MYB,9045.11065848291
MRPS16,9044.823629926326
PLEC,9038.584446297504
BCL7B,9029.572293685842
DPH7,9026.500102524842
RET,9025.439134416885
NADSYN1,9011.700190012718
NBR1,9011.543983158583
TRIP6,9008.516438150196
ARHGEF10L,9001.464998017831
PNP,8999.420775634646
PSMD3,8998.94106871899
TPGS2,8997.417809249113
CKAP4,8995.10454800214
ZNF12,8994.056798764235
EIF3L,8986.264008311353
GRHL2,8976.634040982599
DYNLT1,8962.968066928219
ATF7IP,8954.003280795045
SLC7A1,8953.399368446939
JMJD6,8950.989105026447
CELF1,8947.373901275401
CARM1,8944.718794854614
NUP88,8942.952127732287
PTPRA,8929.38657334627
PISD,8928.832966522225
USP39,8925.299550257685
TACO1,8917.93859445272
RPL6,8915.132010990666
SF3A3,8914.782975407696
POLDIP3,8910.938608122717
AP1S1,8902.413421185742
CD2BP2,8901.88496712369
STAT3,8892.446953645102
RSRP1,8887.929572266336
LEO1,8886.644279797136
FUT8,8881.301833144244
UROD,8878.896504586275
RPL17-C18orf32,8876.804874714631
PRKG1-AS1,8870.72701051219
TXN2,8863.944472543842
TCTN3,8846.193129468382
CD99,8835.051330772485
RAP1GAP,8834.475947671282
NSFL1C,8829.982885185842
NT5C2,8814.782018509144
CDC73,8813.696471778325
DBP,8813.087050428558
TEX2,8809.18863204515
MYO6,8798.48833267262
CTNNBL1,8797.214933085455
HP1BP3,8790.365712957771
MRPS18A,8785.647628942083
C9orf78,8782.66820226101
IARS2,8779.620671742783
COL4A5,8776.874222519915
CSTF1,8774.645783494858
ATG4B,8771.332412888052
BRPF1,8768.751548125174
AK2,8768.023074925155
CDYL,8757.121881535955
RBM17,8731.17042363266
FBL,8729.49103932853
REST,8716.127718617143
GTPBP2,8715.403961559994
GABPB1,8709.494839582798
UAP1L1,8705.538323787125
FUBP3,8703.823438546602
ZGPAT,8699.06240345577
PPP1R10,8676.238978579135
H2AZ1-DT,8675.330348721174
BCAS4,8671.600781922816
PAF1,8670.528549751889
USP4,8669.284745670026
RPL27,8668.603707298402
PKN1,8658.333328776676
SAFB,8645.98427952375
IDH3B,8635.120774267623
DAPK2,8632.55649118964
TRA2B,8626.235588424264
NAP1L4,8622.636733968526
FAM166A,8622.390592320204
HADHB,8618.197804601314
COQ6,8610.502604131067
PHC3,8608.245608519122
MRPL20,8603.587836452361
MRM2,8603.049690374963
SH3GL1,8602.06793979741
SH3BP5-AS1,8601.812721282806
UBR7,8595.004811832734
UQCR11,8593.958675652393
GLRX5,8584.59092586771
AP3S2,8583.539472065402
DPCD,8577.979330991217
PSMD12,8576.031099203043
CRELD2,8563.689007969611
SLC37A1,8550.34192719368
ASL,8529.739791942902
HSPA4,8523.263078752749
TRPS1,8521.821210339967
IMMT,8520.943830054815
ESD,8518.559922354516
CIAPIN1,8513.807499350667
FAM47E-STBD1,8507.630076688565
TMTC1,8498.977745273658
PAIP2,8486.771793364585
GTPBP6,8482.675379000173
SLC2A8,8481.993506759802
LSM3,8479.765450494158
CC2D1A,8475.363812830645
PTP4A2,8473.985304772194
SHARPIN,8461.057769332774
DIDO1,8451.066285729903
RPS13,8448.586934233726
TMPRSS4,8440.345207988774
CALCOCO2,8426.281218815364
CBR1,8412.040845898338
OGDH,8395.360285975967
SLC2A10,8394.695842959309
PAPOLA,8387.873005891759
PRXL2A,8381.169343704285
PRRC2C,8379.678427405575
FADD,8365.999658250514
OAT,8363.635749730018
EGLN1,8346.6157642202
TYSND1,8344.709690648358
NMRAL1,8338.407707134356
ANKLE2,8333.698125845824
ABHD2,8322.396525091257
POLR1C,8321.611581206509
CLCN7,8317.805913633081
ARMC6,8314.565855125547
SNRPD3,8311.115784725162
NCBP1,8309.211843670118
DAP3,8306.278935928814
UBXN4,8305.993588779678
EPS8L1,8304.86736019027
NDUFC2-KCTD14,8303.223367462728
TRIM27,8301.667792161621
POLR1D,8301.468989651825
KLF5,8299.471354558267
SUPT4H1,8296.813787541181
MTG1,8296.216928902446
KCNK15,8273.45384331467
POMT1,8271.410058370811
CCT8,8259.47031563982
EID1,8258.344442469897
CUEDC2,8243.818038904757
BRD3,8240.113242108999
VLDLR,8238.957855453642
GALNT6,8229.763030907803
MAP2K2,8227.130835372442
OSBPL9,8225.455483712214
KNSTRN,8222.04677866934
LAMTOR2,8220.433967164705
LAMC1,8219.481333643187
EIF4E2,8215.921151559061
TJP3,8210.033833198919
STT3B,8204.874154170027
RPUSD1,8204.511899717036
PAQR4,8194.37172774869
HOMER3,8187.8540046204525
OCIAD2,8185.837313575655
CHD6,8185.270993670799
ZNF146,8179.157970281468
PSMA1,8178.697538036716
PLBD2,8177.982297376733
TCERG1,8177.368898062967
EXOSC4,8170.626727543642
KMT5B,8167.23282708843
RAB15,8155.002282886565
KLHL36,8137.335639003178
UTRN,8136.864052055286
TOMM6,8136.329596872305
AFF4,8121.372206197962
RNF149,8117.563695268819
MESD,8111.455128292757
RABAC1,8110.601670471475
ACTN4,8108.680464232506
ADK,8103.530723278611
POLA2,8102.208836274634
POLD4,8096.367613084915
PABPN1,8094.721925279897
PCED1B,8092.509985919931
SPAG7,8090.578527196425
EPPK1,8088.2258417289695
YME1L1,8087.475332522248
VPS25,8071.719751753171
VTA1,8070.614998701353
KLHL12,8066.208672234897
RBM5,8062.942066627491
POLR2C,8056.036061405545
CYB5R3,8046.277227181397
ABCB6,8037.8587891132465
RIPK4,8035.541727611992
PRLR,8028.611991305885
UBE2T,8022.272757098122
METTL26,8015.705466624746
WDR83,8012.382349322651
ZMYM2,8011.229929052802
DLL1,8010.822495318013
STRIP1,8006.830628955761
SARAF,8005.886388801562
ABCF1,8004.343184831782
WDR77,7990.485721706557
MAD2L2,7981.376635271281
WDR74,7978.983719054592
CIAO3,7976.213798477157
ZDHHC9,7969.57653137944
METTL17,7966.342788402382
ATP2B1,7965.814676089846
DCAF5,7965.791478134849
AOPEP,7958.809795907223
CDT1,7958.118108621633
RBM47,7956.879061692626
SIRT7,7949.248533894716
ANP32A,7943.494210763742
TMEM18,7936.3562259920955
CHCHD3,7931.780091042061
STRADA,7929.766202343026
CCAR1,7920.3479693245745
CKB,7910.507101554283
PHC2,7902.6607794622205
DIP2A,7901.675925799347
METTL13,7901.282353423655
TELO2,7886.641149371885
ATP2C2,7875.182863313868
TYK2,7871.839815181891
SKIL,7866.996473145334
UFD1,7859.71524065998
NAGLU,7854.82252265801
ARTN,7851.96825830791
CARS1,7851.338537038805
BLVRA,7847.9152597979655
ERCC1,7842.933645920187
NPRL3,7840.9094363867425
PYCR3,7828.476221070882
HECTD1,7804.659016034887
ZNHIT1,7785.345467718349
S100A6,7778.205432449792
TIMMDC1,7776.270870640977
POLE4,7770.684592566271
TNFRSF10B,7760.381952893243
DERL1,7758.977553893896
KIDINS220,7758.363484751142
TBC1D17,7755.896723305949
SSBP1,7749.306098177785
GLO1,7742.197326152041
CHKA,7741.276612032313
DEGS1,7740.313808046152
ERN1,7739.714967260409
BLCAP,7738.099353409993
TFIP11,7737.855672357936
TMEM134,7731.131423181546
TMEM259,7730.280084207063
BPTF,7727.159788388721
ZNF511,7720.259428868261
MAN2C1,7719.983363635111
POLE,7713.377264090329
KLF4,7706.8410454800205
STX6,7703.025836260983
C8orf58,7697.727639331285
MSANTD3,7696.974983937769
ARID5A,7696.820034721738
UBE2H,7695.90030484054
MTDH,7689.910338605388
HCFC1,7685.512200456568
RABGGTA,7683.286850846861
TAF1C,7674.133788087968
DIP2B,7657.921999097792
OGFR,7649.505597856556
NFE2L1,7647.994668708044
RTL8C,7646.345495058295
SPECC1,7632.572362035727
MTMR3,7632.4208713244725
COPB1,7630.7998715021895
CHD7,7630.414227714521
ATP6AP2,7624.594972181596
SMURF1,7622.584842726872
RABGAP1,7602.9288204174745
RUSF1,7590.6963077385735
CDC45,7581.140472707911
ARMC9,7577.574726942157
NDUFB4,7577.060038549338
L1CAM,7572.568643801361
TENT5A,7571.785408664032
ACAD9,7571.7621833690955
PRPF40A,7569.346383606954
TM9SF4,7565.310964690442
PLA2G15,7557.286304047694
BRD4,7556.990854783805
SH3BGRL,7556.705411944831
C20orf27,7552.912088362752
RHPN1,7548.4811559334585
EXOSC5,7543.703416127837
CLINT1,7542.862616707448
ATP6V1C2,7518.7073667518725
RITA1,7508.4208713244925
BAK1,7504.558240947026
RANGAP1,7501.484969857685
TMEM184B,7493.69436660151
AMPD2,7490.178283870781
RNF19A,7488.884119584981
REEP4,7486.725219744931
SF1,7485.469331401308
PARP10,7483.598376006437
CNOT8,7470.213962516916
PRR13,7464.945593482158
MAOB,7450.927152679949
ATP6V1A,7439.780282421778
TET2,7439.301887824142
FBXO38,7438.930529164894
SLC37A4,7436.779475892994
S100A14,7435.742703648509
ALDH3B2,7433.809317457942
APH1A,7407.394843683789
TDRKH,7396.860374830842
PCYT2,7392.600549533153
FLYWCH1,7387.118655420832
UBE3B,7386.731097836039
SLC29A2,7374.900933659582
NSDHL,7369.558801416211
TMEM165,7366.663937227458
CDCA8,7364.859171872626
CAD,7359.612182685622
HINFP,7357.435088103013
DDX42,7350.6017251514
XPNPEP1,7345.466925484945
MLX,7344.734775060476
ZNF687,7340.475400872147
GPD2,7335.3515918690955
CNNM3,7316.15020573318
UBE2O,7313.391822618335
MIR4435-2HG,7312.838789933423
TCOF1,7309.866594671445
ZNF395,7302.601178352221
TPP1,7301.428622202786
NUDT14,7301.313821716123
PNRC1,7287.888152228893
DCAF8,7280.571815236552
VAV3,7280.120719587718
NAA38,7277.499295996061
DIAPH1,7275.205090700309
PGM1,7270.019971839855
SELENOW,7259.133377988604
SNAP47,7258.28614000792
POGK,7257.4698645305025
TMX2,7253.2509261411105
MRPS5,7251.317991059835
PSENEN,7243.333424466522
ASMTL,7240.159473979196
MKS1,7239.832611102764
SCARB2,7239.347791614831
TTYH3,7233.0451656118
VDAC3,7232.868412778698
NAA60,7227.065069101736
TDP1,7226.085451040973
WDR13,7226.04121498776
PPP1R16A,7225.611307806933
RMI2,7223.838229464281
SART3,7222.272552048441
ANGEL1,7220.792011264062
DGKZ,7215.8268560414535
MORC2,7214.83237871312
H2AC7,7212.3212991948485
MRPS24,7210.968859787021
NUP205,7203.491777507423
SLC39A9,7199.336923981244
SMAD2,7196.403975229998
RNF4,7190.51322570503
ARRDC2,7188.901056689389
NVL,7188.759517723128
NME3,7181.708104930775
TRMT1,7179.189042144552
RUSC1,7173.07554030594
LIMCH1,7159.58845160144
ABL1,7151.3575109701615
AACS,7147.513499104611
SIL1,7147.468292482882
DNAJC8,7142.990034585051
GOT1,7138.429073312101
CDC34,7124.857258075554
DLD,7119.928970787254
HJURP,7108.826856041463
JARID2,7100.068049157249
TSR3,7084.202096974846
SLC25A4,7081.079149180479
HMGCL,7075.257022951894
GART,7074.084412122536
GOLPH3,7071.769250748425
CIPC,7069.8998537312045
ZNF703,7068.626331114235
CUL1,7051.974423468619
URGCP-MRPS24,7046.226333848229
TNIP2,7040.951539923186
STRAP,7038.448703402455
PILRB,7036.549806569785
AATF,7035.649173649748
SESN2,7033.916203026517
TMEM160,7026.854838489204
SMARCC1,7020.1406230776665
MUC16,7013.34820171418
PHIP,7003.439025057072
TRIM32,7001.185857039371
EPS8L2,6997.214837395596
BCL2L2-PABPN1,6993.310814320668
DHX32,6978.079860019415
MAVS,6974.144628381614
PACSIN3,6972.608819870683
GNPDA1,6971.438806337402
WSB2,6969.198515440247
WIPI2,6965.99812721283
ACSL1,6964.019247330936
TRMT2A,6959.5272511038365
LRPPRC,6953.637403797522
YIF1B,6952.859992071417
NGDN,6949.059026970869
DUSP3,6948.799461402822
OAS3,6947.240154197368
ABLIM1,6946.686588383264
SASH1,6944.89401665005
WWOX,6943.317416920699
PSMD13,6938.359875876588
RARA,6934.61517641109
PODXL2,6928.536437329983
SLC27A3,6922.9615873580115
TMEM223,6919.20314956324
ALDH6A1,6916.139392779514
PFN2,6907.087638237672
IDH3A,6887.6654272552
KRTCAP2,6879.429852500927
ABCF2-H2BE1,6874.750878296167
PFDN1,6869.219020409276
SRSF10,6868.598663076014
RPA2,6862.70337511791
GNA12,6862.277295531282
INPPL1,6860.978538132409
TINCR,6854.306166527696
TMEM94,6847.280849725905
SLC29A3,6842.816890626478
NUDT22,6842.41532131286
KXD1,6841.928506007953
CABLES2,6838.491107678434
RNF7,6835.28261315325
DCAF1,6828.6841687969
GPD1L,6827.403619810534
TUT1,6822.442442551907
DGUOK,6822.437453009452
FNDC3B,6817.106133719742
TMEM30B,6815.900332180504
CNN2,6814.486569245289
RNPEPL1,6814.077508782954
ARFIP2,6812.483274780257
KIF23,6802.310417891243
SLC30A1,6801.49691741965
EXOSC6,6789.789386628032
TARBP2,6784.888179568841
ASPH,6779.269161893578
SCAP,6777.629557229353
OSBPL10,6775.3074241657805
PDHB,6771.977868303409
FNBP4,6767.376266181839
INTS11,6767.313548316537
KAT6B,6752.675529369948
DNAJC9,6746.19277404891
RPL26,6744.573332604271
MUC5AC,6737.772777603087
CDK2AP1,6734.537189178853
DNAJC11,6729.699260454113
GRPEL1,6720.8997443713815
SCAND2P,6720.437958798698
RPUSD3,6716.472024387246
MFSD3,6715.583858488368
B4GALT1,6709.824969584306
UFC1,6699.966494880566
USP7,6698.985892581303
YEATS2,6696.119311579844
PPP1R2,6689.643049498995
CDCA4,6688.400024605968
SELENOH,6687.1195029595465
SUPT6H,6683.635243940783
CLSTN2,6682.065315161384
NDUFA2,6677.245649529075
SSR1,6676.397810069307
DTNA,6675.693259333182
NUP98,6673.99637745548
RAVER1,6668.067598047935
MYBBP1A,6660.968996486816
CLDN9,6660.703019698425
DRG2,6655.343786310878
ARPIN-AP3S2,6654.446311156067
DRG1,6654.4319713477225
SNRNP40,6654.312659767884
TEDC1,6644.321107815119
SLC27A4,6642.891378344034
RPS7,6640.316596721941
ELF1,6620.4230448511935
KBTBD4,6603.5322543162965
PRELID3B,6602.384358809619
UQCC2,6599.672713354201
WDR45,6599.540469973888
SEC61B,6592.469235711464
ZBTB21,6590.204803630739
BACE2,6589.680614602267
GSTZ1,6589.583325359178
RPL28,6584.03789318278
MGST1,6581.80453296515
IQGAP3,6572.588629311154
RSBN1,6567.275491094013
MTSS2,6547.988735937006
ZNF76,6547.968422347675
RAB11FIP1,6547.069279455382
GBA2,6541.042390605987
SYTL5,6535.686574713288
SEC24D,6530.809618197482
RNF6,6530.119995078816
FAM136A,6527.616543409024
SRRM1,6522.493663964568
ABCA2,6516.960726149313
RBM3,6512.350662310496
TOMM34,6510.200019137973
BCL2L11,6509.622093420647
SMARCE1,6505.966631580388
RNF20,6503.910625674949
PEPD,6502.954519978677
COMMD4,6501.951471573279
CCDC22,6495.210380982331
CTPS1,6495.170806392081
CARHSP1,6493.019766790145
COX7A2L,6485.012043251805
TBC1D20,6472.671373696231
CACYBP,6465.492748075952
MTHFD2,6464.318688228773
ATP6V0C,6458.038932101214
ATP5PD,6456.672221234943
ACD,6453.440241685238
MYH14,6449.377523819945
CCDC51,6447.544393257966
UBL5,6447.361734993782
MALRD1,6447.201509165704
ANXA4,6438.672562984428
TSPYL1,6436.079354230178
BABAM1,6430.433078616053
ARF4,6424.8373819255485
DTD1,6422.708542370094
RNF5,6421.3235684114115
HDHD3,6418.347354175491
ELAVL1,6415.41712575014
ZPR1,6414.191666780587
SMUG1,6412.784397085556
ORMDL2,6411.1307806925215
RTL10,6409.459789755704
HSPE1-MOB4,6399.935764766992
RECQL5,6390.203340942957
AK4,6389.65636405889
PLPPR2,6383.820800240582
LYPLA2,6382.698071165915
TJP1,6381.748267330116
NELFE,6374.514524353066
TMEM250,6370.165283720418
INPP5K,6368.731480595466
BTG2,6365.177969461252
PATJ,6365.141074186975
PXN-AS1,6356.393312646094
NDUFS7,6355.295654313563
URGCP,6344.676007819223
ENY2,6344.435060763061
NPC1,6343.2638989515135
TBCD,6337.777575765868
SERP1,6337.684688256123
TRIR,6336.560769893235
IRF1,6332.269954752373
H3C10,6327.189301874158
DUSP5,6325.514756742715
SEC61G,6324.561029622848
CORO7-PAM16,6316.440692794556
ATP6V1C1,6313.086175549872
NAT10,6306.761595559993
RFWD3,6305.8395007723475
BTBD1,6297.243106912904
OXA1L,6295.549615190085
AP2B1,6295.470315639833
CCNA2,6291.380189465893
RPS2P5,6278.636747638511
PIGQ,6273.145803999829
PEX13,6264.4524079668645
HDAC6,6256.234576845792
ELOF1,6255.392970896612
ARPC4,6254.080270118789
DHRS13,6250.673984662275
FAM120B,6250.332768307519
MEIS1,6246.941615518167
TTC5,6241.916790835648
MAN2A2,6241.029458805508
NDUFA9,6240.313479966641
UBFD1,6235.91055732506
MRPL3,6235.358003089415
AGAP3,6234.555274561531
ATG10,6231.791655844598
ADPGK,6230.89189780323
SLC35C1,6223.16707448772
PARP2,6218.625210175933
RMDN3,6214.830875015384
